Symbol,Threshold,Max_Streak_Pos,Max_Streak_Neg,Pattern,Pattern_Name,Category,Chance,Prob,Stats
ADVANC,±1.4%,4,6,+,1_Days_Up,Trend,🔴 DOWN,41%,355/855 (5000)
ADVANC,±1.4%,4,6,-,1_Days_Down,Trend,🟢 UP,51%,393/758 (5000)
ADVANC,±1.4%,4,6,++,2_Days_Up,Trend,🔴 DOWN,39%,69/174 (5000)
ADVANC,±1.4%,4,6,+-,2D_Reversal_Down,Reversal,🟢 UP,41%,73/177 (5000)
ADVANC,±1.4%,4,6,-+,2D_Reversal_Up,Reversal,🔴 DOWN,43%,80/186 (5000)
ADVANC,±1.4%,4,6,--,2_Days_Down,Trend,🟢 UP,60%,81/135 (5000)
ADVANC,±1.4%,4,6,+++,3_Days_Up,Trend,🔴 DOWN,24%,8/33 (5000)
ADVANC,±1.4%,4,6,++-,3D_Reversal_Down,Reversal,🔴 DOWN,33%,12/36 (5000)
ADVANC,±1.4%,4,6,+-+,3D_Mixed_+-+,Mixed,🔴 DOWN,47%,19/40 (5000)
ADVANC,±1.4%,4,6,+--,3D_Reversal_Down,Reversal,🔴 DOWN,38%,14/36 (5000)
ADVANC,±1.4%,4,6,-++,3D_Reversal_Up,Reversal,🟢 UP,42%,14/33 (5000)
ADVANC,±1.4%,4,6,-+-,3D_Mixed_-+-,Mixed,🔴 DOWN,48%,24/50 (5000)
ADVANC,±1.4%,4,6,--+,3D_Reversal_Up,Reversal,🔴 DOWN,38%,18/47 (5000)
ADVANC,±1.4%,4,6,---,3_Days_Down,Trend,🔴 DOWN,63%,19/30 (5000)
ADVANC,±1.4%,4,6,++++,4_Days_Up,Trend,🔴 DOWN,0%,0/4 (5000)
ADVANC,±1.4%,4,6,+++-,4D_Reversal_Down,Reversal,🟢 UP,41%,5/12 (5000)
ADVANC,±1.4%,4,6,++-+,4D_Mixed_++-+,Mixed,🔴 DOWN,40%,2/5 (5000)
ADVANC,±1.4%,4,6,++--,4D_Reversal_Down,Reversal,🔴 DOWN,33%,2/6 (5000)
ADVANC,±1.4%,4,6,+-++,4D_Mixed_+-++,Mixed,🟢 UP,44%,4/9 (5000)
ADVANC,±1.4%,4,6,+-+-,4D_Reversal_Down,Reversal,🔴 DOWN,50%,5/10 (5000)
ADVANC,±1.4%,4,6,+--+,4D_Mixed_+--+,Mixed,🔴 DOWN,60%,3/5 (5000)
ADVANC,±1.4%,4,6,+---,4D_Reversal_Down,Reversal,🔴 DOWN,61%,8/13 (5000)
ADVANC,±1.4%,4,6,-+++,4D_Reversal_Up,Reversal,🔴 DOWN,12%,1/8 (5000)
ADVANC,±1.4%,4,6,-++-,4D_Mixed_-++-,Mixed,🟢 UP,33%,2/6 (5000)
ADVANC,±1.4%,4,6,-+-+,4D_Reversal_Up,Reversal,🟢 UP,61%,8/13 (5000)
ADVANC,±1.4%,4,6,-+--,4D_Mixed_-+--,Mixed,🔴 DOWN,53%,7/13 (5000)
ADVANC,±1.4%,4,6,--++,4D_Reversal_Up,Reversal,🔴 DOWN,57%,4/7 (5000)
ADVANC,±1.4%,4,6,--+-,4D_Mixed_--+-,Mixed,🟢 UP,66%,12/18 (5000)
ADVANC,±1.4%,4,6,---+,4D_Reversal_Up,Reversal,🔴 DOWN,41%,5/12 (5000)
ADVANC,±1.4%,4,6,----,4_Days_Down,Trend,🔴 DOWN,42%,3/7 (5000)
ADVANC,±1.4%,4,6,-----,Streak_Down_5,Breakout,🟢 UP,75%,3/4 (5000)
ADVANC,±1.4%,4,6,------,Streak_Down_6,Breakout,🟢 UP,100%,1/1 (5000)
AOT,±2.4%,4,6,+,1_Days_Up,Trend,🟢 UP,44%,196/440 (5000)
AOT,±2.4%,4,6,-,1_Days_Down,Trend,🟢 UP,53%,206/383 (5000)
AOT,±2.4%,4,6,++,2_Days_Up,Trend,🔴 DOWN,36%,25/69 (5000)
AOT,±2.4%,4,6,+-,2D_Reversal_Down,Reversal,🟢 UP,53%,28/52 (5000)
AOT,±2.4%,4,6,-+,2D_Reversal_Up,Reversal,🔴 DOWN,47%,31/65 (5000)
AOT,±2.4%,4,6,--,2_Days_Down,Trend,🟢 UP,59%,35/59 (5000)
AOT,±2.4%,4,6,+++,3_Days_Up,Trend,🔴 DOWN,27%,3/11 (5000)
AOT,±2.4%,4,6,++-,3D_Reversal_Down,Reversal,🟢 UP,61%,8/13 (5000)
AOT,±2.4%,4,6,+-+,3D_Mixed_+-+,Mixed,🔴 DOWN,22%,2/9 (5000)
AOT,±2.4%,4,6,+--,3D_Reversal_Down,Reversal,🔴 DOWN,60%,3/5 (5000)
AOT,±2.4%,4,6,-++,3D_Reversal_Up,Reversal,🔴 DOWN,20%,2/10 (5000)
AOT,±2.4%,4,6,-+-,3D_Mixed_-+-,Mixed,🔴 DOWN,50%,7/14 (5000)
AOT,±2.4%,4,6,--+,3D_Reversal_Up,Reversal,🟢 UP,75%,12/16 (5000)
AOT,±2.4%,4,6,---,3_Days_Down,Trend,🔴 DOWN,44%,4/9 (5000)
AOT,±2.4%,4,6,++++,4_Days_Up,Trend,🔴 DOWN,0%,0/1 (5000)
AOT,±2.4%,4,6,+++-,4D_Reversal_Down,Reversal,🟢 UP,66%,2/3 (5000)
AOT,±2.4%,4,6,++-+,4D_Mixed_++-+,Mixed,🟢 UP,50%,2/4 (5000)
AOT,±2.4%,4,6,+-++,4D_Mixed_+-++,Mixed,🔴 DOWN,0%,0/1 (5000)
AOT,±2.4%,4,6,+-+-,4D_Reversal_Down,Reversal,🟢 UP,50%,1/2 (5000)
AOT,±2.4%,4,6,+--+,4D_Mixed_+--+,Mixed,🟢 UP,100%,1/1 (5000)
AOT,±2.4%,4,6,+---,4D_Reversal_Down,Reversal,🟢 UP,100%,1/1 (5000)
AOT,±2.4%,4,6,-+++,4D_Reversal_Up,Reversal,🔴 DOWN,50%,1/2 (5000)
AOT,±2.4%,4,6,-++-,4D_Mixed_-++-,Mixed,🟢 UP,50%,1/2 (5000)
AOT,±2.4%,4,6,-+-+,4D_Reversal_Up,Reversal,⚪ SIDE,0%,0/1 (5000)
AOT,±2.4%,4,6,-+--,4D_Mixed_-+--,Mixed,🔴 DOWN,50%,1/2 (5000)
AOT,±2.4%,4,6,--++,4D_Reversal_Up,Reversal,🟢 UP,40%,2/5 (5000)
AOT,±2.4%,4,6,---+,4D_Reversal_Up,Reversal,🟢 UP,66%,2/3 (5000)
AOT,±2.4%,4,6,----,4_Days_Down,Trend,🔴 DOWN,33%,1/3 (5000)
AOT,±2.4%,4,6,-----,Streak_Down_5,Breakout,🟢 UP,50%,1/2 (5000)
AOT,±2.4%,4,6,------,Streak_Down_6,Breakout,🟢 UP,100%,1/1 (5000)
AWC,±2.0%,4,4,+,1_Days_Up,Trend,🔴 DOWN,36%,78/215 (1523)
AWC,±2.0%,4,4,-,1_Days_Down,Trend,🟢 UP,45%,107/233 (1523)
AWC,±2.0%,4,4,++,2_Days_Up,Trend,🔴 DOWN,32%,12/37 (1523)
AWC,±2.0%,4,4,+-,2D_Reversal_Down,Reversal,🟢 UP,55%,22/40 (1523)
AWC,±2.0%,4,4,-+,2D_Reversal_Up,Reversal,🔴 DOWN,34%,16/47 (1523)
AWC,±2.0%,4,4,--,2_Days_Down,Trend,🔴 DOWN,52%,21/40 (1523)
AWC,±2.0%,4,4,+++,3_Days_Up,Trend,🔴 DOWN,28%,2/7 (1523)
AWC,±2.0%,4,4,++-,3D_Reversal_Down,Reversal,🟢 UP,62%,5/8 (1523)
AWC,±2.0%,4,4,+-+,3D_Mixed_+-+,Mixed,🟢 UP,54%,6/11 (1523)
AWC,±2.0%,4,4,+--,3D_Reversal_Down,Reversal,🔴 DOWN,60%,3/5 (1523)
AWC,±2.0%,4,4,-++,3D_Reversal_Up,Reversal,🔴 DOWN,12%,1/8 (1523)
AWC,±2.0%,4,4,-+-,3D_Mixed_-+-,Mixed,🟢 UP,45%,5/11 (1523)
AWC,±2.0%,4,4,--+,3D_Reversal_Up,Reversal,🔴 DOWN,28%,2/7 (1523)
AWC,±2.0%,4,4,---,3_Days_Down,Trend,🟢 UP,63%,7/11 (1523)
AWC,±2.0%,4,4,++++,4_Days_Up,Trend,🔴 DOWN,0%,0/2 (1523)
AWC,±2.0%,4,4,+++-,4D_Reversal_Down,Reversal,🔴 DOWN,0%,0/1 (1523)
AWC,±2.0%,4,4,++-+,4D_Mixed_++-+,Mixed,🟢 UP,100%,1/1 (1523)
AWC,±2.0%,4,4,+-++,4D_Mixed_+-++,Mixed,🔴 DOWN,0%,0/3 (1523)
AWC,±2.0%,4,4,+-+-,4D_Reversal_Down,Reversal,🔴 DOWN,0%,0/2 (1523)
AWC,±2.0%,4,4,+--+,4D_Mixed_+--+,Mixed,🟢 UP,100%,1/1 (1523)
AWC,±2.0%,4,4,+---,4D_Reversal_Down,Reversal,🔴 DOWN,50%,1/2 (1523)
AWC,±2.0%,4,4,-++-,4D_Mixed_-++-,Mixed,🟢 UP,100%,2/2 (1523)
AWC,±2.0%,4,4,-+-+,4D_Reversal_Up,Reversal,🟢 UP,50%,2/4 (1523)
AWC,±2.0%,4,4,-+--,4D_Mixed_-+--,Mixed,🔴 DOWN,50%,1/2 (1523)
AWC,±2.0%,4,4,--+-,4D_Mixed_--+-,Mixed,🟢 UP,100%,2/2 (1523)
AWC,±2.0%,4,4,---+,4D_Reversal_Up,Reversal,🔴 DOWN,50%,1/2 (1523)
AWC,±2.0%,4,4,----,4_Days_Down,Trend,🟢 UP,50%,1/2 (1523)
BANPU,±2.1%,7,4,+,1_Days_Up,Trend,🟢 UP,44%,318/716 (5000)
BANPU,±2.1%,7,4,-,1_Days_Down,Trend,🔴 DOWN,44%,290/657 (5000)
BANPU,±2.1%,7,4,++,2_Days_Up,Trend,🔴 DOWN,40%,58/143 (5000)
BANPU,±2.1%,7,4,+-,2D_Reversal_Down,Reversal,🟢 UP,50%,59/116 (5000)
BANPU,±2.1%,7,4,-+,2D_Reversal_Up,Reversal,🔴 DOWN,39%,43/109 (5000)
BANPU,±2.1%,7,4,--,2_Days_Down,Trend,🟢 UP,51%,62/120 (5000)
BANPU,±2.1%,7,4,+++,3_Days_Up,Trend,🟢 UP,53%,14/26 (5000)
BANPU,±2.1%,7,4,++-,3D_Reversal_Down,Reversal,🟢 UP,55%,19/34 (5000)
BANPU,±2.1%,7,4,+-+,3D_Mixed_+-+,Mixed,🟢 UP,26%,7/26 (5000)
BANPU,±2.1%,7,4,+--,3D_Reversal_Down,Reversal,🟢 UP,61%,11/18 (5000)
BANPU,±2.1%,7,4,-++,3D_Reversal_Up,Reversal,🟢 UP,47%,10/21 (5000)
BANPU,±2.1%,7,4,-+-,3D_Mixed_-+-,Mixed,🟢 UP,57%,12/21 (5000)
BANPU,±2.1%,7,4,--+,3D_Reversal_Up,Reversal,🔴 DOWN,51%,15/29 (5000)
BANPU,±2.1%,7,4,---,3_Days_Down,Trend,🟢 UP,65%,17/26 (5000)
BANPU,±2.1%,7,4,++++,4_Days_Up,Trend,🟢 UP,57%,4/7 (5000)
BANPU,±2.1%,7,4,+++-,4D_Reversal_Down,Reversal,🟢 UP,42%,3/7 (5000)
BANPU,±2.1%,7,4,++-+,4D_Mixed_++-+,Mixed,🔴 DOWN,0%,0/7 (5000)
BANPU,±2.1%,7,4,++--,4D_Reversal_Down,Reversal,🟢 UP,70%,7/10 (5000)
BANPU,±2.1%,7,4,+-++,4D_Mixed_+-++,Mixed,🟢 UP,33%,2/6 (5000)
BANPU,±2.1%,7,4,+-+-,4D_Reversal_Down,Reversal,🟢 UP,50%,3/6 (5000)
BANPU,±2.1%,7,4,+--+,4D_Mixed_+--+,Mixed,🟢 UP,80%,4/5 (5000)
BANPU,±2.1%,7,4,+---,4D_Reversal_Down,Reversal,🟢 UP,50%,2/4 (5000)
BANPU,±2.1%,7,4,-+++,4D_Reversal_Up,Reversal,🟢 UP,100%,6/6 (5000)
BANPU,±2.1%,7,4,-++-,4D_Mixed_-++-,Mixed,🟢 UP,60%,3/5 (5000)
BANPU,±2.1%,7,4,-+-+,4D_Reversal_Up,Reversal,🟢 UP,50%,3/6 (5000)
BANPU,±2.1%,7,4,-+--,4D_Mixed_-+--,Mixed,🔴 DOWN,33%,1/3 (5000)
BANPU,±2.1%,7,4,--++,4D_Reversal_Up,Reversal,🟢 UP,60%,3/5 (5000)
BANPU,±2.1%,7,4,--+-,4D_Mixed_--+-,Mixed,🟢 UP,83%,5/6 (5000)
BANPU,±2.1%,7,4,---+,4D_Reversal_Up,Reversal,🔴 DOWN,57%,4/7 (5000)
BANPU,±2.1%,7,4,----,4_Days_Down,Trend,🟢 UP,80%,4/5 (5000)
BANPU,±2.1%,7,4,+++++,Streak_Up_5,Breakout,🟢 UP,100%,3/3 (5000)
BANPU,±2.1%,7,4,++++++,Streak_Up_6,Breakout,🟢 UP,100%,2/2 (5000)
BANPU,±2.1%,7,4,+++++++,Streak_Up_7,Breakout,🟢 UP,100%,1/1 (5000)
BBL,±1.9%,4,4,+,1_Days_Up,Trend,🟢 UP,47%,219/462 (5000)
BBL,±1.9%,4,4,-,1_Days_Down,Trend,🟢 UP,48%,213/438 (5000)
BBL,±1.9%,4,4,++,2_Days_Up,Trend,🔴 DOWN,42%,29/68 (5000)
BBL,±1.9%,4,4,+-,2D_Reversal_Down,Reversal,🟢 UP,51%,25/49 (5000)
BBL,±1.9%,4,4,-+,2D_Reversal_Up,Reversal,🟢 UP,50%,36/72 (5000)
BBL,±1.9%,4,4,--,2_Days_Down,Trend,🟢 UP,59%,40/67 (5000)
BBL,±1.9%,4,4,+++,3_Days_Up,Trend,🟢 UP,50%,5/10 (5000)
BBL,±1.9%,4,4,++-,3D_Reversal_Down,Reversal,🔴 DOWN,45%,5/11 (5000)
BBL,±1.9%,4,4,+-+,3D_Mixed_+-+,Mixed,🟢 UP,58%,7/12 (5000)
BBL,±1.9%,4,4,+--,3D_Reversal_Down,Reversal,🟢 UP,50%,5/10 (5000)
BBL,±1.9%,4,4,-++,3D_Reversal_Up,Reversal,🔴 DOWN,55%,10/18 (5000)
BBL,±1.9%,4,4,-+-,3D_Mixed_-+-,Mixed,🟢 UP,83%,10/12 (5000)
BBL,±1.9%,4,4,--+,3D_Reversal_Up,Reversal,🟢 UP,57%,12/21 (5000)
BBL,±1.9%,4,4,---,3_Days_Down,Trend,🟢 UP,84%,11/13 (5000)
BBL,±1.9%,4,4,++++,4_Days_Up,Trend,🔴 DOWN,50%,1/2 (5000)
BBL,±1.9%,4,4,+++-,4D_Reversal_Down,Reversal,🟢 UP,100%,2/2 (5000)
BBL,±1.9%,4,4,++-+,4D_Mixed_++-+,Mixed,🟢 UP,50%,1/2 (5000)
BBL,±1.9%,4,4,++--,4D_Reversal_Down,Reversal,🔴 DOWN,0%,0/3 (5000)
BBL,±1.9%,4,4,+-++,4D_Mixed_+-++,Mixed,🟢 UP,66%,2/3 (5000)
BBL,±1.9%,4,4,+-+-,4D_Reversal_Down,Reversal,🔴 DOWN,50%,1/2 (5000)
BBL,±1.9%,4,4,+--+,4D_Mixed_+--+,Mixed,🔴 DOWN,25%,1/4 (5000)
BBL,±1.9%,4,4,+---,4D_Reversal_Down,Reversal,🟢 UP,100%,2/2 (5000)
BBL,±1.9%,4,4,-+++,4D_Reversal_Up,Reversal,🟢 UP,50%,1/2 (5000)
BBL,±1.9%,4,4,-++-,4D_Mixed_-++-,Mixed,🔴 DOWN,0%,0/4 (5000)
BBL,±1.9%,4,4,-+-+,4D_Reversal_Up,Reversal,🟢 UP,66%,4/6 (5000)
BBL,±1.9%,4,4,--++,4D_Reversal_Up,Reversal,🔴 DOWN,42%,3/7 (5000)
BBL,±1.9%,4,4,--+-,4D_Mixed_--+-,Mixed,🟢 UP,100%,2/2 (5000)
BBL,±1.9%,4,4,---+,4D_Reversal_Up,Reversal,🟢 UP,66%,2/3 (5000)
BBL,±1.9%,4,4,----,4_Days_Down,Trend,🟢 UP,100%,1/1 (5000)
BDMS,±2.6%,4,5,+,1_Days_Up,Trend,🟢 UP,40%,133/325 (5000)
BDMS,±2.6%,4,5,-,1_Days_Down,Trend,🟢 UP,52%,112/213 (5000)
BDMS,±2.6%,4,5,++,2_Days_Up,Trend,🟢 UP,47%,20/42 (5000)
BDMS,±2.6%,4,5,+-,2D_Reversal_Down,Reversal,🟢 UP,40%,11/27 (5000)
BDMS,±2.6%,4,5,-+,2D_Reversal_Up,Reversal,🔴 DOWN,44%,12/27 (5000)
BDMS,±2.6%,4,5,--,2_Days_Down,Trend,🔴 DOWN,58%,14/24 (5000)
BDMS,±2.6%,4,5,+++,3_Days_Up,Trend,🟢 UP,50%,3/6 (5000)
BDMS,±2.6%,4,5,++-,3D_Reversal_Down,Reversal,🔴 DOWN,25%,1/4 (5000)
BDMS,±2.6%,4,5,+-+,3D_Mixed_+-+,Mixed,🔴 DOWN,66%,2/3 (5000)
BDMS,±2.6%,4,5,+--,3D_Reversal_Down,Reversal,🟢 UP,100%,2/2 (5000)
BDMS,±2.6%,4,5,-++,3D_Reversal_Up,Reversal,🟢 UP,66%,2/3 (5000)
BDMS,±2.6%,4,5,-+-,3D_Mixed_-+-,Mixed,🔴 DOWN,40%,2/5 (5000)
BDMS,±2.6%,4,5,--+,3D_Reversal_Up,Reversal,🟢 UP,100%,4/4 (5000)
BDMS,±2.6%,4,5,---,3_Days_Down,Trend,🔴 DOWN,50%,3/6 (5000)
BDMS,±2.6%,4,5,++++,4_Days_Up,Trend,🔴 DOWN,50%,1/2 (5000)
BDMS,±2.6%,4,5,+++-,4D_Reversal_Down,Reversal,🟢 UP,100%,1/1 (5000)
BDMS,±2.6%,4,5,+-+-,4D_Reversal_Down,Reversal,⚪ SIDE,0%,0/1 (5000)
BDMS,±2.6%,4,5,+--+,4D_Mixed_+--+,Mixed,🟢 UP,100%,1/1 (5000)
BDMS,±2.6%,4,5,-+++,4D_Reversal_Up,Reversal,🟢 UP,100%,1/1 (5000)
BDMS,±2.6%,4,5,--++,4D_Reversal_Up,Reversal,🟢 UP,100%,1/1 (5000)
BDMS,±2.6%,4,5,---+,4D_Reversal_Up,Reversal,🟢 UP,100%,1/1 (5000)
BDMS,±2.6%,4,5,----,4_Days_Down,Trend,🔴 DOWN,66%,2/3 (5000)
BDMS,±2.6%,4,5,-----,Streak_Down_5,Breakout,🟢 UP,100%,1/1 (5000)
BEM,±1.4%,3,3,+,1_Days_Up,Trend,🔴 DOWN,33%,107/322 (2443)
BEM,±1.4%,3,3,-,1_Days_Down,Trend,🟢 UP,48%,150/311 (2443)
BEM,±1.4%,3,3,++,2_Days_Up,Trend,🔴 DOWN,35%,14/40 (2443)
BEM,±1.4%,3,3,+-,2D_Reversal_Down,Reversal,🟢 UP,50%,28/55 (2443)
BEM,±1.4%,3,3,-+,2D_Reversal_Up,Reversal,🟢 UP,40%,21/52 (2443)
BEM,±1.4%,3,3,--,2_Days_Down,Trend,🟢 UP,52%,19/36 (2443)
BEM,±1.4%,3,3,+++,3_Days_Up,Trend,🔴 DOWN,40%,2/5 (2443)
BEM,±1.4%,3,3,++-,3D_Reversal_Down,Reversal,🔴 DOWN,50%,4/8 (2443)
BEM,±1.4%,3,3,+-+,3D_Mixed_+-+,Mixed,🔴 DOWN,30%,4/13 (2443)
BEM,±1.4%,3,3,+--,3D_Reversal_Down,Reversal,🟢 UP,71%,5/7 (2443)
BEM,±1.4%,3,3,-++,3D_Reversal_Up,Reversal,🟢 UP,27%,3/11 (2443)
BEM,±1.4%,3,3,-+-,3D_Mixed_-+-,Mixed,🟢 UP,30%,3/10 (2443)
BEM,±1.4%,3,3,--+,3D_Reversal_Up,Reversal,🟢 UP,85%,6/7 (2443)
BEM,±1.4%,3,3,---,3_Days_Down,Trend,🔴 DOWN,33%,1/3 (2443)
BGRIM,±2.3%,4,4,+,1_Days_Up,Trend,🟢 UP,47%,134/280 (2069)
BGRIM,±2.3%,4,4,-,1_Days_Down,Trend,🟢 UP,43%,112/256 (2069)
BGRIM,±2.3%,4,4,++,2_Days_Up,Trend,🟢 UP,44%,24/54 (2069)
BGRIM,±2.3%,4,4,+-,2D_Reversal_Down,Reversal,🟢 UP,35%,12/34 (2069)
BGRIM,±2.3%,4,4,-+,2D_Reversal_Up,Reversal,🟢 UP,61%,30/49 (2069)
BGRIM,±2.3%,4,4,--,2_Days_Down,Trend,🟢 UP,55%,25/45 (2069)
BGRIM,±2.3%,4,4,+++,3_Days_Up,Trend,🔴 DOWN,50%,6/12 (2069)
BGRIM,±2.3%,4,4,++-,3D_Reversal_Down,Reversal,🟢 UP,50%,4/8 (2069)
BGRIM,±2.3%,4,4,+-+,3D_Mixed_+-+,Mixed,🟢 UP,57%,4/7 (2069)
BGRIM,±2.3%,4,4,+--,3D_Reversal_Down,Reversal,🟢 UP,33%,3/9 (2069)
BGRIM,±2.3%,4,4,-++,3D_Reversal_Up,Reversal,🔴 DOWN,33%,4/12 (2069)
BGRIM,±2.3%,4,4,-+-,3D_Mixed_-+-,Mixed,🟢 UP,25%,2/8 (2069)
BGRIM,±2.3%,4,4,--+,3D_Reversal_Up,Reversal,🟢 UP,64%,9/14 (2069)
BGRIM,±2.3%,4,4,---,3_Days_Down,Trend,🟢 UP,75%,3/4 (2069)
BGRIM,±2.3%,4,4,++++,4_Days_Up,Trend,🔴 DOWN,50%,1/2 (2069)
BGRIM,±2.3%,4,4,+++-,4D_Reversal_Down,Reversal,🟢 UP,50%,1/2 (2069)
BGRIM,±2.3%,4,4,++-+,4D_Mixed_++-+,Mixed,🔴 DOWN,66%,2/3 (2069)
BGRIM,±2.3%,4,4,++--,4D_Reversal_Down,Reversal,🟢 UP,25%,1/4 (2069)
BGRIM,±2.3%,4,4,+-++,4D_Mixed_+-++,Mixed,🟢 UP,66%,2/3 (2069)
BGRIM,±2.3%,4,4,+-+-,4D_Reversal_Down,Reversal,🟢 UP,50%,1/2 (2069)
BGRIM,±2.3%,4,4,+--+,4D_Mixed_+--+,Mixed,🔴 DOWN,0%,0/2 (2069)
BGRIM,±2.3%,4,4,-+++,4D_Reversal_Up,Reversal,🟢 UP,50%,1/2 (2069)
BGRIM,±2.3%,4,4,-++-,4D_Mixed_-++-,Mixed,🟢 UP,100%,2/2 (2069)
BGRIM,±2.3%,4,4,-+-+,4D_Reversal_Up,Reversal,🔴 DOWN,0%,0/1 (2069)
BGRIM,±2.3%,4,4,-+--,4D_Mixed_-+--,Mixed,🟢 UP,100%,1/1 (2069)
BGRIM,±2.3%,4,4,--++,4D_Reversal_Up,Reversal,🔴 DOWN,33%,1/3 (2069)
BGRIM,±2.3%,4,4,--+-,4D_Mixed_--+-,Mixed,🔴 DOWN,25%,1/4 (2069)
BGRIM,±2.3%,4,4,---+,4D_Reversal_Up,Reversal,🟢 UP,50%,1/2 (2069)
BGRIM,±2.3%,4,4,----,4_Days_Down,Trend,🟢 UP,100%,1/1 (2069)
BH,±3.6%,3,4,+,1_Days_Up,Trend,🟢 UP,39%,73/185 (5000)
BH,±3.6%,3,4,-,1_Days_Down,Trend,🔴 DOWN,44%,50/113 (5000)
BH,±3.6%,3,4,++,2_Days_Up,Trend,🔴 DOWN,42%,8/19 (5000)
BH,±3.6%,3,4,+-,2D_Reversal_Down,Reversal,🟢 UP,63%,7/11 (5000)
BH,±3.6%,3,4,-+,2D_Reversal_Up,Reversal,🟢 UP,54%,6/11 (5000)
BH,±3.6%,3,4,--,2_Days_Down,Trend,🔴 DOWN,44%,8/18 (5000)
BH,±3.6%,3,4,+++,3_Days_Up,Trend,🔴 DOWN,0%,0/2 (5000)
BH,±3.6%,3,4,++-,3D_Reversal_Down,Reversal,🟢 UP,75%,3/4 (5000)
BH,±3.6%,3,4,+-+,3D_Mixed_+-+,Mixed,🟢 UP,100%,1/1 (5000)
BH,±3.6%,3,4,+--,3D_Reversal_Down,Reversal,🔴 DOWN,0%,0/1 (5000)
BH,±3.6%,3,4,-++,3D_Reversal_Up,Reversal,🔴 DOWN,0%,0/1 (5000)
BH,±3.6%,3,4,-+-,3D_Mixed_-+-,Mixed,🔴 DOWN,0%,0/1 (5000)
BH,±3.6%,3,4,--+,3D_Reversal_Up,Reversal,🟢 UP,50%,1/2 (5000)
BH,±3.6%,3,4,---,3_Days_Down,Trend,🟢 UP,40%,2/5 (5000)
BH,±3.6%,3,4,+++-,4D_Reversal_Down,Reversal,🟢 UP,100%,1/1 (5000)
BH,±3.6%,3,4,++-+,4D_Mixed_++-+,Mixed,🟢 UP,100%,1/1 (5000)
BH,±3.6%,3,4,+-++,4D_Mixed_+-++,Mixed,🔴 DOWN,0%,0/1 (5000)
BH,±3.6%,3,4,+---,4D_Reversal_Down,Reversal,🟢 UP,100%,1/1 (5000)
BH,±3.6%,3,4,---+,4D_Reversal_Up,Reversal,🟢 UP,50%,1/2 (5000)
BH,±3.6%,3,4,----,4_Days_Down,Trend,🔴 DOWN,0%,0/1 (5000)
BJC,±2.4%,4,3,+,1_Days_Up,Trend,🟢 UP,40%,185/455 (5000)
BJC,±2.4%,4,3,-,1_Days_Down,Trend,🟢 UP,46%,191/407 (5000)
BJC,±2.4%,4,3,++,2_Days_Up,Trend,🔴 DOWN,29%,21/72 (5000)
BJC,±2.4%,4,3,+-,2D_Reversal_Down,Reversal,🟢 UP,56%,41/73 (5000)
BJC,±2.4%,4,3,-+,2D_Reversal_Up,Reversal,🔴 DOWN,32%,19/59 (5000)
BJC,±2.4%,4,3,--,2_Days_Down,Trend,🟢 UP,54%,26/48 (5000)
BJC,±2.4%,4,3,+++,3_Days_Up,Trend,🔴 DOWN,45%,5/11 (5000)
BJC,±2.4%,4,3,++-,3D_Reversal_Down,Reversal,🟢 UP,62%,10/16 (5000)
BJC,±2.4%,4,3,+-+,3D_Mixed_+-+,Mixed,🟢 UP,43%,7/16 (5000)
BJC,±2.4%,4,3,+--,3D_Reversal_Down,Reversal,🟢 UP,50%,3/6 (5000)
BJC,±2.4%,4,3,-++,3D_Reversal_Up,Reversal,🟢 UP,37%,3/8 (5000)
BJC,±2.4%,4,3,-+-,3D_Mixed_-+-,Mixed,🟢 UP,30%,4/13 (5000)
BJC,±2.4%,4,3,--+,3D_Reversal_Up,Reversal,🟢 UP,77%,7/9 (5000)
BJC,±2.4%,4,3,---,3_Days_Down,Trend,🟢 UP,88%,8/9 (5000)
BJC,±2.4%,4,3,++++,4_Days_Up,Trend,🔴 DOWN,0%,0/3 (5000)
BJC,±2.4%,4,3,+++-,4D_Reversal_Down,Reversal,🟢 UP,75%,3/4 (5000)
BJC,±2.4%,4,3,++-+,4D_Mixed_++-+,Mixed,🟢 UP,50%,3/6 (5000)
BJC,±2.4%,4,3,++--,4D_Reversal_Down,Reversal,🔴 DOWN,0%,0/2 (5000)
BJC,±2.4%,4,3,+-++,4D_Mixed_+-++,Mixed,🟢 UP,25%,1/4 (5000)
BJC,±2.4%,4,3,+-+-,4D_Reversal_Down,Reversal,🔴 DOWN,0%,0/2 (5000)
BJC,±2.4%,4,3,+--+,4D_Mixed_+--+,Mixed,🔴 DOWN,66%,2/3 (5000)
BJC,±2.4%,4,3,+---,4D_Reversal_Down,Reversal,🟢 UP,100%,1/1 (5000)
BJC,±2.4%,4,3,-+++,4D_Reversal_Up,Reversal,🟢 UP,50%,1/2 (5000)
BJC,±2.4%,4,3,-+-+,4D_Reversal_Up,Reversal,🟢 UP,100%,2/2 (5000)
BJC,±2.4%,4,3,-+--,4D_Mixed_-+--,Mixed,🟢 UP,100%,2/2 (5000)
BJC,±2.4%,4,3,--++,4D_Reversal_Up,Reversal,🟢 UP,50%,1/2 (5000)
BJC,±2.4%,4,3,--+-,4D_Mixed_--+-,Mixed,🔴 DOWN,0%,0/1 (5000)
BJC,±2.4%,4,3,---+,4D_Reversal_Up,Reversal,🟢 UP,100%,2/2 (5000)
BTS,±3.7%,7,5,+,1_Days_Up,Trend,🔴 DOWN,32%,84/262 (5000)
BTS,±3.7%,7,5,-,1_Days_Down,Trend,🔴 DOWN,39%,96/244 (5000)
BTS,±3.7%,7,5,++,2_Days_Up,Trend,🔴 DOWN,26%,9/34 (5000)
BTS,±3.7%,7,5,+-,2D_Reversal_Down,Reversal,🟢 UP,37%,20/53 (5000)
BTS,±3.7%,7,5,-+,2D_Reversal_Up,Reversal,🔴 DOWN,24%,10/41 (5000)
BTS,±3.7%,7,5,--,2_Days_Down,Trend,🔴 DOWN,35%,15/42 (5000)
BTS,±3.7%,7,5,+++,3_Days_Up,Trend,🟢 UP,57%,4/7 (5000)
BTS,±3.7%,7,5,++-,3D_Reversal_Down,Reversal,🟢 UP,41%,5/12 (5000)
BTS,±3.7%,7,5,+-+,3D_Mixed_+-+,Mixed,🔴 DOWN,15%,2/13 (5000)
BTS,±3.7%,7,5,+--,3D_Reversal_Down,Reversal,🟢 UP,40%,4/10 (5000)
BTS,±3.7%,7,5,-++,3D_Reversal_Up,Reversal,🟢 UP,33%,3/9 (5000)
BTS,±3.7%,7,5,-+-,3D_Mixed_-+-,Mixed,🟢 UP,23%,3/13 (5000)
BTS,±3.7%,7,5,--+,3D_Reversal_Up,Reversal,🔴 DOWN,30%,3/10 (5000)
BTS,±3.7%,7,5,---,3_Days_Down,Trend,🟢 UP,33%,4/12 (5000)
BTS,±3.7%,7,5,++++,4_Days_Up,Trend,🟢 UP,75%,3/4 (5000)
BTS,±3.7%,7,5,+++-,4D_Reversal_Down,Reversal,🟢 UP,50%,1/2 (5000)
BTS,±3.7%,7,5,++-+,4D_Mixed_++-+,Mixed,⚪ SIDE,0%,0/3 (5000)
BTS,±3.7%,7,5,++--,4D_Reversal_Down,Reversal,🟢 UP,66%,2/3 (5000)
BTS,±3.7%,7,5,+-++,4D_Mixed_+-++,Mixed,🟢 UP,50%,1/2 (5000)
BTS,±3.7%,7,5,+-+-,4D_Reversal_Down,Reversal,🟢 UP,25%,1/4 (5000)
BTS,±3.7%,7,5,+--+,4D_Mixed_+--+,Mixed,🔴 DOWN,0%,0/3 (5000)
BTS,±3.7%,7,5,+---,4D_Reversal_Down,Reversal,⚪ SIDE,0%,0/1 (5000)
BTS,±3.7%,7,5,-+++,4D_Reversal_Up,Reversal,🟢 UP,33%,1/3 (5000)
BTS,±3.7%,7,5,-++-,4D_Mixed_-++-,Mixed,🟢 UP,50%,1/2 (5000)
BTS,±3.7%,7,5,-+-+,4D_Reversal_Up,Reversal,🟢 UP,50%,1/2 (5000)
BTS,±3.7%,7,5,-+--,4D_Mixed_-+--,Mixed,🔴 DOWN,33%,1/3 (5000)
BTS,±3.7%,7,5,--++,4D_Reversal_Up,Reversal,🟢 UP,33%,1/3 (5000)
BTS,±3.7%,7,5,--+-,4D_Mixed_--+-,Mixed,🔴 DOWN,20%,1/5 (5000)
BTS,±3.7%,7,5,---+,4D_Reversal_Up,Reversal,🔴 DOWN,25%,1/4 (5000)
BTS,±3.7%,7,5,----,4_Days_Down,Trend,🟢 UP,40%,2/5 (5000)
BTS,±3.7%,7,5,+++++,Streak_Up_5,Breakout,🟢 UP,66%,2/3 (5000)
BTS,±3.7%,7,5,-----,Streak_Down_5,Breakout,🟢 UP,100%,1/1 (5000)
BTS,±3.7%,7,5,++++++,Streak_Up_6,Breakout,🟢 UP,50%,1/2 (5000)
BTS,±3.7%,7,5,+++++++,Streak_Up_7,Breakout,🔴 DOWN,0%,0/1 (5000)
CBG,±3.3%,2,3,+,1_Days_Up,Trend,🔴 DOWN,38%,82/213 (2714)
CBG,±3.3%,2,3,-,1_Days_Down,Trend,🟢 UP,55%,91/165 (2714)
CBG,±3.3%,2,3,++,2_Days_Up,Trend,🔴 DOWN,26%,5/19 (2714)
CBG,±3.3%,2,3,+-,2D_Reversal_Down,Reversal,🔴 DOWN,46%,7/15 (2714)
CBG,±3.3%,2,3,-+,2D_Reversal_Up,Reversal,🟢 UP,55%,10/18 (2714)
CBG,±3.3%,2,3,--,2_Days_Down,Trend,🟢 UP,65%,13/20 (2714)
CBG,±3.3%,2,3,++-,3D_Reversal_Down,Reversal,🔴 DOWN,50%,2/4 (2714)
CBG,±3.3%,2,3,+-+,3D_Mixed_+-+,Mixed,🟢 UP,100%,1/1 (2714)
CBG,±3.3%,2,3,+--,3D_Reversal_Down,Reversal,🟢 UP,75%,3/4 (2714)
CBG,±3.3%,2,3,-++,3D_Reversal_Up,Reversal,🔴 DOWN,50%,1/2 (2714)
CBG,±3.3%,2,3,--+,3D_Reversal_Up,Reversal,🔴 DOWN,16%,1/6 (2714)
CBG,±3.3%,2,3,---,3_Days_Down,Trend,🟢 UP,100%,1/1 (2714)
CENTEL,±2.8%,4,6,+,1_Days_Up,Trend,🔴 DOWN,42%,186/441 (5000)
CENTEL,±2.8%,4,6,-,1_Days_Down,Trend,🟢 UP,48%,183/376 (5000)
CENTEL,±2.8%,4,6,++,2_Days_Up,Trend,🟢 UP,54%,33/61 (5000)
CENTEL,±2.8%,4,6,+-,2D_Reversal_Down,Reversal,🟢 UP,52%,26/50 (5000)
CENTEL,±2.8%,4,6,-+,2D_Reversal_Up,Reversal,🔴 DOWN,41%,24/58 (5000)
CENTEL,±2.8%,4,6,--,2_Days_Down,Trend,🟢 UP,50%,32/64 (5000)
CENTEL,±2.8%,4,6,+++,3_Days_Up,Trend,🟢 UP,57%,8/14 (5000)
CENTEL,±2.8%,4,6,++-,3D_Reversal_Down,Reversal,🔴 DOWN,42%,3/7 (5000)
CENTEL,±2.8%,4,6,+-+,3D_Mixed_+-+,Mixed,🟢 UP,50%,3/6 (5000)
CENTEL,±2.8%,4,6,+--,3D_Reversal_Down,Reversal,🟢 UP,33%,3/9 (5000)
CENTEL,±2.8%,4,6,-++,3D_Reversal_Up,Reversal,🟢 UP,37%,3/8 (5000)
CENTEL,±2.8%,4,6,-+-,3D_Mixed_-+-,Mixed,🟢 UP,45%,5/11 (5000)
CENTEL,±2.8%,4,6,--+,3D_Reversal_Up,Reversal,🔴 DOWN,63%,7/11 (5000)
CENTEL,±2.8%,4,6,---,3_Days_Down,Trend,🔴 DOWN,33%,3/9 (5000)
CENTEL,±2.8%,4,6,++++,4_Days_Up,Trend,🔴 DOWN,0%,0/2 (5000)
CENTEL,±2.8%,4,6,+++-,4D_Reversal_Down,Reversal,🔴 DOWN,0%,0/2 (5000)
CENTEL,±2.8%,4,6,++-+,4D_Mixed_++-+,Mixed,🟢 UP,100%,1/1 (5000)
CENTEL,±2.8%,4,6,++--,4D_Reversal_Down,Reversal,🟢 UP,50%,1/2 (5000)
CENTEL,±2.8%,4,6,+-++,4D_Mixed_+-++,Mixed,🟢 UP,100%,3/3 (5000)
CENTEL,±2.8%,4,6,+-+-,4D_Reversal_Down,Reversal,🟢 UP,100%,1/1 (5000)
CENTEL,±2.8%,4,6,+--+,4D_Mixed_+--+,Mixed,🟢 UP,50%,1/2 (5000)
CENTEL,±2.8%,4,6,+---,4D_Reversal_Down,Reversal,🔴 DOWN,0%,0/1 (5000)
CENTEL,±2.8%,4,6,-+++,4D_Reversal_Up,Reversal,🟢 UP,100%,2/2 (5000)
CENTEL,±2.8%,4,6,-++-,4D_Mixed_-++-,Mixed,🟢 UP,100%,1/1 (5000)
CENTEL,±2.8%,4,6,-+-+,4D_Reversal_Up,Reversal,🟢 UP,100%,2/2 (5000)
CENTEL,±2.8%,4,6,-+--,4D_Mixed_-+--,Mixed,🔴 DOWN,0%,0/2 (5000)
CENTEL,±2.8%,4,6,--++,4D_Reversal_Up,Reversal,🔴 DOWN,0%,0/3 (5000)
CENTEL,±2.8%,4,6,--+-,4D_Mixed_--+-,Mixed,🔴 DOWN,50%,1/2 (5000)
CENTEL,±2.8%,4,6,---+,4D_Reversal_Up,Reversal,🔴 DOWN,50%,1/2 (5000)
CENTEL,±2.8%,4,6,----,4_Days_Down,Trend,🟢 UP,50%,2/4 (5000)
CENTEL,±2.8%,4,6,-----,Streak_Down_5,Breakout,🔴 DOWN,50%,1/2 (5000)
CENTEL,±2.8%,4,6,------,Streak_Down_6,Breakout,🟢 UP,100%,1/1 (5000)
CHG,±2.9%,3,3,+,1_Days_Up,Trend,🔴 DOWN,34%,71/208 (3087)
CHG,±2.9%,3,3,-,1_Days_Down,Trend,🟢 UP,46%,71/152 (3087)
CHG,±2.9%,3,3,++,2_Days_Up,Trend,🔴 DOWN,18%,3/16 (3087)
CHG,±2.9%,3,3,+-,2D_Reversal_Down,Reversal,🔴 DOWN,43%,7/16 (3087)
CHG,±2.9%,3,3,-+,2D_Reversal_Up,Reversal,🔴 DOWN,23%,4/17 (3087)
CHG,±2.9%,3,3,--,2_Days_Down,Trend,🟢 UP,46%,7/15 (3087)
CHG,±2.9%,3,3,+++,3_Days_Up,Trend,🔴 DOWN,0%,0/1 (3087)
CHG,±2.9%,3,3,++-,3D_Reversal_Down,Reversal,🟢 UP,100%,2/2 (3087)
CHG,±2.9%,3,3,+-+,3D_Mixed_+-+,Mixed,🟢 UP,50%,1/2 (3087)
CHG,±2.9%,3,3,+--,3D_Reversal_Down,Reversal,🟢 UP,100%,1/1 (3087)
CHG,±2.9%,3,3,-++,3D_Reversal_Up,Reversal,🔴 DOWN,50%,1/2 (3087)
CHG,±2.9%,3,3,-+-,3D_Mixed_-+-,Mixed,🔴 DOWN,33%,1/3 (3087)
CHG,±2.9%,3,3,--+,3D_Reversal_Up,Reversal,🔴 DOWN,0%,0/3 (3087)
CHG,±2.9%,3,3,---,3_Days_Down,Trend,🟢 UP,100%,1/1 (3087)
COM7,±2.6%,4,4,+,1_Days_Up,Trend,🔴 DOWN,40%,132/330 (2544)
COM7,±2.6%,4,4,-,1_Days_Down,Trend,🟢 UP,52%,124/237 (2544)
COM7,±2.6%,4,4,++,2_Days_Up,Trend,🔴 DOWN,38%,16/42 (2544)
COM7,±2.6%,4,4,+-,2D_Reversal_Down,Reversal,🟢 UP,50%,22/44 (2544)
COM7,±2.6%,4,4,-+,2D_Reversal_Up,Reversal,🟢 UP,53%,25/47 (2544)
COM7,±2.6%,4,4,--,2_Days_Down,Trend,🟢 UP,66%,20/30 (2544)
COM7,±2.6%,4,4,+++,3_Days_Up,Trend,🔴 DOWN,40%,2/5 (2544)
COM7,±2.6%,4,4,++-,3D_Reversal_Down,Reversal,🔴 DOWN,36%,4/11 (2544)
COM7,±2.6%,4,4,+-+,3D_Mixed_+-+,Mixed,🔴 DOWN,50%,4/8 (2544)
COM7,±2.6%,4,4,+--,3D_Reversal_Down,Reversal,🟢 UP,85%,6/7 (2544)
COM7,±2.6%,4,4,-++,3D_Reversal_Up,Reversal,🔴 DOWN,54%,6/11 (2544)
COM7,±2.6%,4,4,-+-,3D_Mixed_-+-,Mixed,🔴 DOWN,50%,2/4 (2544)
COM7,±2.6%,4,4,--+,3D_Reversal_Up,Reversal,🟢 UP,61%,8/13 (2544)
COM7,±2.6%,4,4,---,3_Days_Down,Trend,🟢 UP,66%,4/6 (2544)
COM7,±2.6%,4,4,++++,4_Days_Up,Trend,🔴 DOWN,0%,0/1 (2544)
COM7,±2.6%,4,4,+++-,4D_Reversal_Down,Reversal,🟢 UP,100%,1/1 (2544)
COM7,±2.6%,4,4,++-+,4D_Mixed_++-+,Mixed,🟢 UP,50%,1/2 (2544)
COM7,±2.6%,4,4,++--,4D_Reversal_Down,Reversal,🟢 UP,100%,2/2 (2544)
COM7,±2.6%,4,4,+-++,4D_Mixed_+-++,Mixed,🔴 DOWN,0%,0/2 (2544)
COM7,±2.6%,4,4,+-+-,4D_Reversal_Down,Reversal,🟢 UP,100%,1/1 (2544)
COM7,±2.6%,4,4,+--+,4D_Mixed_+--+,Mixed,🟢 UP,50%,3/6 (2544)
COM7,±2.6%,4,4,+---,4D_Reversal_Down,Reversal,🟢 UP,100%,1/1 (2544)
COM7,±2.6%,4,4,-+++,4D_Reversal_Up,Reversal,🟢 UP,50%,1/2 (2544)
COM7,±2.6%,4,4,-++-,4D_Mixed_-++-,Mixed,🔴 DOWN,33%,1/3 (2544)
COM7,±2.6%,4,4,-+--,4D_Mixed_-+--,Mixed,🟢 UP,100%,1/1 (2544)
COM7,±2.6%,4,4,--++,4D_Reversal_Up,Reversal,🟢 UP,50%,3/6 (2544)
COM7,±2.6%,4,4,--+-,4D_Mixed_--+-,Mixed,🔴 DOWN,0%,0/1 (2544)
COM7,±2.6%,4,4,---+,4D_Reversal_Up,Reversal,🟢 UP,100%,3/3 (2544)
COM7,±2.6%,4,4,----,4_Days_Down,Trend,🟢 UP,100%,2/2 (2544)
CPALL,±1.9%,6,4,+,1_Days_Up,Trend,🟢 UP,40%,213/529 (5000)
CPALL,±1.9%,6,4,-,1_Days_Down,Trend,🟢 UP,48%,210/429 (5000)
CPALL,±1.9%,6,4,++,2_Days_Up,Trend,🟢 UP,38%,33/85 (5000)
CPALL,±1.9%,6,4,+-,2D_Reversal_Down,Reversal,🟢 UP,50%,32/63 (5000)
CPALL,±1.9%,6,4,-+,2D_Reversal_Up,Reversal,🟢 UP,38%,32/84 (5000)
CPALL,±1.9%,6,4,--,2_Days_Down,Trend,🟢 UP,52%,35/67 (5000)
CPALL,±1.9%,6,4,+++,3_Days_Up,Trend,🔴 DOWN,27%,5/18 (5000)
CPALL,±1.9%,6,4,++-,3D_Reversal_Down,Reversal,🟢 UP,57%,8/14 (5000)
CPALL,±1.9%,6,4,+-+,3D_Mixed_+-+,Mixed,🟢 UP,46%,7/15 (5000)
CPALL,±1.9%,6,4,+--,3D_Reversal_Down,Reversal,🔴 DOWN,40%,4/10 (5000)
CPALL,±1.9%,6,4,-++,3D_Reversal_Up,Reversal,🟢 UP,40%,6/15 (5000)
CPALL,±1.9%,6,4,-+-,3D_Mixed_-+-,Mixed,🟢 UP,57%,8/14 (5000)
CPALL,±1.9%,6,4,--+,3D_Reversal_Up,Reversal,🔴 DOWN,26%,4/15 (5000)
CPALL,±1.9%,6,4,---,3_Days_Down,Trend,🟢 UP,36%,4/11 (5000)
CPALL,±1.9%,6,4,++++,4_Days_Up,Trend,🟢 UP,50%,2/4 (5000)
CPALL,±1.9%,6,4,+++-,4D_Reversal_Down,Reversal,🟢 UP,60%,3/5 (5000)
CPALL,±1.9%,6,4,++-+,4D_Mixed_++-+,Mixed,🟢 UP,50%,1/2 (5000)
CPALL,±1.9%,6,4,+-++,4D_Mixed_+-++,Mixed,🟢 UP,40%,2/5 (5000)
CPALL,±1.9%,6,4,+-+-,4D_Reversal_Down,Reversal,🔴 DOWN,0%,0/2 (5000)
CPALL,±1.9%,6,4,+--+,4D_Mixed_+--+,Mixed,⚪ SIDE,0%,0/1 (5000)
CPALL,±1.9%,6,4,+---,4D_Reversal_Down,Reversal,🔴 DOWN,0%,0/3 (5000)
CPALL,±1.9%,6,4,-+++,4D_Reversal_Up,Reversal,🟢 UP,20%,1/5 (5000)
CPALL,±1.9%,6,4,-++-,4D_Mixed_-++-,Mixed,🟢 UP,60%,3/5 (5000)
CPALL,±1.9%,6,4,-+-+,4D_Reversal_Up,Reversal,🟢 UP,42%,3/7 (5000)
CPALL,±1.9%,6,4,--++,4D_Reversal_Up,Reversal,🟢 UP,50%,1/2 (5000)
CPALL,±1.9%,6,4,--+-,4D_Mixed_--+-,Mixed,🟢 UP,100%,4/4 (5000)
CPALL,±1.9%,6,4,---+,4D_Reversal_Up,Reversal,🟢 UP,25%,1/4 (5000)
CPALL,±1.9%,6,4,----,4_Days_Down,Trend,🟢 UP,100%,1/1 (5000)
CPALL,±1.9%,6,4,+++++,Streak_Up_5,Breakout,🟢 UP,50%,1/2 (5000)
CPALL,±1.9%,6,4,++++++,Streak_Up_6,Breakout,🔴 DOWN,0%,0/1 (5000)
CPF,±1.2%,6,6,+,1_Days_Up,Trend,🟢 UP,35%,364/1024 (5000)
CPF,±1.2%,6,6,-,1_Days_Down,Trend,🟢 UP,48%,474/969 (5000)
CPF,±1.2%,6,6,++,2_Days_Up,Trend,🟢 UP,39%,89/228 (5000)
CPF,±1.2%,6,6,+-,2D_Reversal_Down,Reversal,🟢 UP,50%,120/236 (5000)
CPF,±1.2%,6,6,-+,2D_Reversal_Up,Reversal,🟢 UP,36%,99/270 (5000)
CPF,±1.2%,6,6,--,2_Days_Down,Trend,🟢 UP,55%,113/202 (5000)
CPF,±1.2%,6,6,+++,3_Days_Up,Trend,🟢 UP,37%,22/58 (5000)
CPF,±1.2%,6,6,++-,3D_Reversal_Down,Reversal,🟢 UP,51%,30/58 (5000)
CPF,±1.2%,6,6,+-+,3D_Mixed_+-+,Mixed,🔴 DOWN,30%,20/66 (5000)
CPF,±1.2%,6,6,+--,3D_Reversal_Down,Reversal,🟢 UP,50%,24/48 (5000)
CPF,±1.2%,6,6,-++,3D_Reversal_Up,Reversal,🟢 UP,36%,24/66 (5000)
CPF,±1.2%,6,6,-+-,3D_Mixed_-+-,Mixed,🟢 UP,53%,35/65 (5000)
CPF,±1.2%,6,6,--+,3D_Reversal_Up,Reversal,🟢 UP,46%,35/75 (5000)
CPF,±1.2%,6,6,---,3_Days_Down,Trend,🟢 UP,59%,29/49 (5000)
CPF,±1.2%,6,6,++++,4_Days_Up,Trend,🟢 UP,38%,5/13 (5000)
CPF,±1.2%,6,6,+++-,4D_Reversal_Down,Reversal,🟢 UP,84%,11/13 (5000)
CPF,±1.2%,6,6,++-+,4D_Mixed_++-+,Mixed,🟢 UP,36%,7/19 (5000)
CPF,±1.2%,6,6,++--,4D_Reversal_Down,Reversal,🟢 UP,45%,5/11 (5000)
CPF,±1.2%,6,6,+-++,4D_Mixed_+-++,Mixed,🔴 DOWN,31%,5/16 (5000)
CPF,±1.2%,6,6,+-+-,4D_Reversal_Down,Reversal,🟢 UP,42%,8/19 (5000)
CPF,±1.2%,6,6,+--+,4D_Mixed_+--+,Mixed,🟢 UP,42%,6/14 (5000)
CPF,±1.2%,6,6,+---,4D_Reversal_Down,Reversal,🟢 UP,58%,7/12 (5000)
CPF,±1.2%,6,6,-+++,4D_Reversal_Up,Reversal,🔴 DOWN,41%,7/17 (5000)
CPF,±1.2%,6,6,-++-,4D_Mixed_-++-,Mixed,🟢 UP,50%,9/18 (5000)
CPF,±1.2%,6,6,-+-+,4D_Reversal_Up,Reversal,🔴 DOWN,22%,5/22 (5000)
CPF,±1.2%,6,6,-+--,4D_Mixed_-+--,Mixed,🔴 DOWN,42%,6/14 (5000)
CPF,±1.2%,6,6,--++,4D_Reversal_Up,Reversal,🔴 DOWN,33%,8/24 (5000)
CPF,±1.2%,6,6,--+-,4D_Mixed_--+-,Mixed,🟢 UP,76%,10/13 (5000)
CPF,±1.2%,6,6,---+,4D_Reversal_Up,Reversal,🟢 UP,59%,13/22 (5000)
CPF,±1.2%,6,6,----,4_Days_Down,Trend,🟢 UP,76%,10/13 (5000)
CPF,±1.2%,6,6,+++++,Streak_Up_5,Breakout,🟢 UP,25%,1/4 (5000)
CPF,±1.2%,6,6,-----,Streak_Down_5,Breakout,🔴 DOWN,50%,1/2 (5000)
CPF,±1.2%,6,6,++++++,Streak_Up_6,Breakout,🔴 DOWN,0%,0/1 (5000)
CPF,±1.2%,6,6,------,Streak_Down_6,Breakout,🟢 UP,100%,1/1 (5000)
CPN,±1.8%,5,6,+,1_Days_Up,Trend,🟢 UP,43%,338/778 (5000)
CPN,±1.8%,5,6,-,1_Days_Down,Trend,🟢 UP,49%,332/675 (5000)
CPN,±1.8%,5,6,++,2_Days_Up,Trend,🔴 DOWN,37%,54/143 (5000)
CPN,±1.8%,5,6,+-,2D_Reversal_Down,Reversal,🔴 DOWN,47%,65/138 (5000)
CPN,±1.8%,5,6,-+,2D_Reversal_Up,Reversal,🟢 UP,47%,73/155 (5000)
CPN,±1.8%,5,6,--,2_Days_Down,Trend,🔴 DOWN,45%,59/129 (5000)
CPN,±1.8%,5,6,+++,3_Days_Up,Trend,🔴 DOWN,33%,10/30 (5000)
CPN,±1.8%,5,6,++-,3D_Reversal_Down,Reversal,🟢 UP,44%,15/34 (5000)
CPN,±1.8%,5,6,+-+,3D_Mixed_+-+,Mixed,🟢 UP,65%,15/23 (5000)
CPN,±1.8%,5,6,+--,3D_Reversal_Down,Reversal,🟢 UP,46%,13/28 (5000)
CPN,±1.8%,5,6,-++,3D_Reversal_Up,Reversal,🟢 UP,43%,13/30 (5000)
CPN,±1.8%,5,6,-+-,3D_Mixed_-+-,Mixed,🔴 DOWN,56%,13/23 (5000)
CPN,±1.8%,5,6,--+,3D_Reversal_Up,Reversal,🔴 DOWN,37%,15/40 (5000)
CPN,±1.8%,5,6,---,3_Days_Down,Trend,🟢 UP,48%,19/39 (5000)
CPN,±1.8%,5,6,++++,4_Days_Up,Trend,🔴 DOWN,28%,2/7 (5000)
CPN,±1.8%,5,6,+++-,4D_Reversal_Down,Reversal,🟢 UP,54%,6/11 (5000)
CPN,±1.8%,5,6,++-+,4D_Mixed_++-+,Mixed,🟢 UP,77%,7/9 (5000)
CPN,±1.8%,5,6,++--,4D_Reversal_Down,Reversal,🟢 UP,57%,4/7 (5000)
CPN,±1.8%,5,6,+-++,4D_Mixed_+-++,Mixed,🟢 UP,25%,2/8 (5000)
CPN,±1.8%,5,6,+-+-,4D_Reversal_Down,Reversal,🔴 DOWN,66%,2/3 (5000)
CPN,±1.8%,5,6,+--+,4D_Mixed_+--+,Mixed,🔴 DOWN,30%,3/10 (5000)
CPN,±1.8%,5,6,+---,4D_Reversal_Down,Reversal,🔴 DOWN,50%,5/10 (5000)
CPN,±1.8%,5,6,-+++,4D_Reversal_Up,Reversal,🟢 UP,42%,3/7 (5000)
CPN,±1.8%,5,6,-++-,4D_Mixed_-++-,Mixed,🔴 DOWN,20%,1/5 (5000)
CPN,±1.8%,5,6,-+-+,4D_Reversal_Up,Reversal,🟢 UP,60%,3/5 (5000)
CPN,±1.8%,5,6,-+--,4D_Mixed_-+--,Mixed,🔴 DOWN,40%,2/5 (5000)
CPN,±1.8%,5,6,--++,4D_Reversal_Up,Reversal,🟢 UP,62%,5/8 (5000)
CPN,±1.8%,5,6,--+-,4D_Mixed_--+-,Mixed,🔴 DOWN,55%,5/9 (5000)
CPN,±1.8%,5,6,---+,4D_Reversal_Up,Reversal,🟢 UP,46%,6/13 (5000)
CPN,±1.8%,5,6,----,4_Days_Down,Trend,🔴 DOWN,54%,6/11 (5000)
CPN,±1.8%,5,6,+++++,Streak_Up_5,Breakout,🔴 DOWN,0%,0/1 (5000)
CPN,±1.8%,5,6,-----,Streak_Down_5,Breakout,🟢 UP,75%,3/4 (5000)
CPN,±1.8%,5,6,------,Streak_Down_6,Breakout,🟢 UP,100%,1/1 (5000)
CRC,±2.9%,3,3,+,1_Days_Up,Trend,🟢 UP,38%,43/113 (1435)
CRC,±2.9%,3,3,-,1_Days_Down,Trend,🟢 UP,48%,52/108 (1435)
CRC,±2.9%,3,3,++,2_Days_Up,Trend,🔴 DOWN,27%,5/18 (1435)
CRC,±2.9%,3,3,+-,2D_Reversal_Down,Reversal,🔴 DOWN,40%,4/10 (1435)
CRC,±2.9%,3,3,-+,2D_Reversal_Up,Reversal,🔴 DOWN,47%,9/19 (1435)
CRC,±2.9%,3,3,--,2_Days_Down,Trend,🟢 UP,50%,8/16 (1435)
CRC,±2.9%,3,3,+++,3_Days_Up,Trend,🔴 DOWN,0%,0/1 (1435)
CRC,±2.9%,3,3,++-,3D_Reversal_Down,Reversal,🟢 UP,50%,2/4 (1435)
CRC,±2.9%,3,3,+-+,3D_Mixed_+-+,Mixed,🟢 UP,66%,2/3 (1435)
CRC,±2.9%,3,3,+--,3D_Reversal_Down,Reversal,🟢 UP,100%,1/1 (1435)
CRC,±2.9%,3,3,-++,3D_Reversal_Up,Reversal,🟢 UP,75%,3/4 (1435)
CRC,±2.9%,3,3,-+-,3D_Mixed_-+-,Mixed,🔴 DOWN,40%,2/5 (1435)
CRC,±2.9%,3,3,--+,3D_Reversal_Up,Reversal,🔴 DOWN,20%,1/5 (1435)
CRC,±2.9%,3,3,---,3_Days_Down,Trend,🟢 UP,66%,2/3 (1435)
DELTA,±5.5%,4,2,+,1_Days_Up,Trend,🟢 UP,44%,70/158 (5000)
DELTA,±5.5%,4,2,-,1_Days_Down,Trend,🔴 DOWN,54%,66/121 (5000)
DELTA,±5.5%,4,2,++,2_Days_Up,Trend,🟢 UP,50%,12/24 (5000)
DELTA,±5.5%,4,2,+-,2D_Reversal_Down,Reversal,🔴 DOWN,53%,8/15 (5000)
DELTA,±5.5%,4,2,-+,2D_Reversal_Up,Reversal,🟢 UP,71%,5/7 (5000)
DELTA,±5.5%,4,2,--,2_Days_Down,Trend,🟢 UP,55%,5/9 (5000)
DELTA,±5.5%,4,2,+++,3_Days_Up,Trend,🔴 DOWN,28%,2/7 (5000)
DELTA,±5.5%,4,2,++-,3D_Reversal_Down,Reversal,🔴 DOWN,0%,0/2 (5000)
DELTA,±5.5%,4,2,+--,3D_Reversal_Down,Reversal,🟢 UP,100%,2/2 (5000)
DELTA,±5.5%,4,2,-++,3D_Reversal_Up,Reversal,🟢 UP,66%,2/3 (5000)
DELTA,±5.5%,4,2,-+-,3D_Mixed_-+-,Mixed,🔴 DOWN,0%,0/1 (5000)
DELTA,±5.5%,4,2,--+,3D_Reversal_Up,Reversal,🟢 UP,66%,2/3 (5000)
DELTA,±5.5%,4,2,++++,4_Days_Up,Trend,⚪ SIDE,0%,0/1 (5000)
DELTA,±5.5%,4,2,+++-,4D_Reversal_Down,Reversal,🔴 DOWN,0%,0/2 (5000)
DELTA,±5.5%,4,2,++--,4D_Reversal_Down,Reversal,🟢 UP,100%,1/1 (5000)
DELTA,±5.5%,4,2,+--+,4D_Mixed_+--+,Mixed,🟢 UP,50%,1/2 (5000)
DELTA,±5.5%,4,2,-+++,4D_Reversal_Up,Reversal,🔴 DOWN,50%,1/2 (5000)
DELTA,±5.5%,4,2,--++,4D_Reversal_Up,Reversal,🟢 UP,100%,2/2 (5000)
EA,±2.7%,4,6,+,1_Days_Up,Trend,🟢 UP,39%,154/387 (3156)
EA,±2.7%,4,6,-,1_Days_Down,Trend,🔴 DOWN,50%,184/361 (3156)
EA,±2.7%,4,6,++,2_Days_Up,Trend,🔴 DOWN,31%,19/60 (3156)
EA,±2.7%,4,6,+-,2D_Reversal_Down,Reversal,🟢 UP,54%,40/73 (3156)
EA,±2.7%,4,6,-+,2D_Reversal_Up,Reversal,🔴 DOWN,37%,26/69 (3156)
EA,±2.7%,4,6,--,2_Days_Down,Trend,🔴 DOWN,38%,26/68 (3156)
EA,±2.7%,4,6,+++,3_Days_Up,Trend,🔴 DOWN,37%,3/8 (3156)
EA,±2.7%,4,6,++-,3D_Reversal_Down,Reversal,🟢 UP,58%,7/12 (3156)
EA,±2.7%,4,6,+-+,3D_Mixed_+-+,Mixed,🟢 UP,56%,9/16 (3156)
EA,±2.7%,4,6,+--,3D_Reversal_Down,Reversal,🔴 DOWN,23%,3/13 (3156)
EA,±2.7%,4,6,-++,3D_Reversal_Up,Reversal,🟢 UP,27%,3/11 (3156)
EA,±2.7%,4,6,-+-,3D_Mixed_-+-,Mixed,🟢 UP,56%,13/23 (3156)
EA,±2.7%,4,6,--+,3D_Reversal_Up,Reversal,🔴 DOWN,20%,3/15 (3156)
EA,±2.7%,4,6,---,3_Days_Down,Trend,🟢 UP,42%,8/19 (3156)
EA,±2.7%,4,6,++++,4_Days_Up,Trend,⚪ SIDE,0%,0/1 (3156)
EA,±2.7%,4,6,+++-,4D_Reversal_Down,Reversal,🟢 UP,66%,2/3 (3156)
EA,±2.7%,4,6,++-+,4D_Mixed_++-+,Mixed,🔴 DOWN,25%,1/4 (3156)
EA,±2.7%,4,6,++--,4D_Reversal_Down,Reversal,🟢 UP,50%,1/2 (3156)
EA,±2.7%,4,6,+-++,4D_Mixed_+-++,Mixed,🟢 UP,40%,2/5 (3156)
EA,±2.7%,4,6,+-+-,4D_Reversal_Down,Reversal,🟢 UP,80%,4/5 (3156)
EA,±2.7%,4,6,+--+,4D_Mixed_+--+,Mixed,🔴 DOWN,0%,0/3 (3156)
EA,±2.7%,4,6,+---,4D_Reversal_Down,Reversal,🔴 DOWN,40%,2/5 (3156)
EA,±2.7%,4,6,-+++,4D_Reversal_Up,Reversal,🔴 DOWN,50%,1/2 (3156)
EA,±2.7%,4,6,-+-+,4D_Reversal_Up,Reversal,🔴 DOWN,50%,3/6 (3156)
EA,±2.7%,4,6,-+--,4D_Mixed_-+--,Mixed,🔴 DOWN,0%,0/3 (3156)
EA,±2.7%,4,6,--++,4D_Reversal_Up,Reversal,🟢 UP,100%,1/1 (3156)
EA,±2.7%,4,6,--+-,4D_Mixed_--+-,Mixed,🟢 UP,42%,3/7 (3156)
EA,±2.7%,4,6,---+,4D_Reversal_Up,Reversal,🔴 DOWN,28%,2/7 (3156)
EA,±2.7%,4,6,----,4_Days_Down,Trend,🔴 DOWN,33%,2/6 (3156)
EA,±2.7%,4,6,-----,Streak_Down_5,Breakout,🔴 DOWN,33%,1/3 (3156)
EA,±2.7%,4,6,------,Streak_Down_6,Breakout,🟢 UP,100%,1/1 (3156)
EGCO,±2.0%,4,3,+,1_Days_Up,Trend,🔴 DOWN,36%,119/327 (5000)
EGCO,±2.0%,4,3,-,1_Days_Down,Trend,🟢 UP,51%,135/263 (5000)
EGCO,±2.0%,4,3,++,2_Days_Up,Trend,🔴 DOWN,38%,16/42 (5000)
EGCO,±2.0%,4,3,+-,2D_Reversal_Down,Reversal,🟢 UP,60%,29/48 (5000)
EGCO,±2.0%,4,3,-+,2D_Reversal_Up,Reversal,🔴 DOWN,41%,14/34 (5000)
EGCO,±2.0%,4,3,--,2_Days_Down,Trend,🟢 UP,50%,14/28 (5000)
EGCO,±2.0%,4,3,+++,3_Days_Up,Trend,🔴 DOWN,44%,4/9 (5000)
EGCO,±2.0%,4,3,++-,3D_Reversal_Down,Reversal,🟢 UP,50%,4/8 (5000)
EGCO,±2.0%,4,3,+-+,3D_Mixed_+-+,Mixed,🟢 UP,40%,4/10 (5000)
EGCO,±2.0%,4,3,+--,3D_Reversal_Down,Reversal,🟢 UP,75%,3/4 (5000)
EGCO,±2.0%,4,3,-++,3D_Reversal_Up,Reversal,🔴 DOWN,33%,2/6 (5000)
EGCO,±2.0%,4,3,-+-,3D_Mixed_-+-,Mixed,🟢 UP,62%,5/8 (5000)
EGCO,±2.0%,4,3,--+,3D_Reversal_Up,Reversal,🔴 DOWN,66%,4/6 (5000)
EGCO,±2.0%,4,3,---,3_Days_Down,Trend,🟢 UP,33%,1/3 (5000)
EGCO,±2.0%,4,3,++++,4_Days_Up,Trend,🔴 DOWN,0%,0/2 (5000)
EGCO,±2.0%,4,3,+++-,4D_Reversal_Down,Reversal,🟢 UP,66%,2/3 (5000)
EGCO,±2.0%,4,3,++-+,4D_Mixed_++-+,Mixed,🟢 UP,100%,1/1 (5000)
EGCO,±2.0%,4,3,++--,4D_Reversal_Down,Reversal,🟢 UP,100%,1/1 (5000)
EGCO,±2.0%,4,3,+-++,4D_Mixed_+-++,Mixed,🟢 UP,66%,2/3 (5000)
EGCO,±2.0%,4,3,+-+-,4D_Reversal_Down,Reversal,🟢 UP,50%,1/2 (5000)
EGCO,±2.0%,4,3,-+++,4D_Reversal_Up,Reversal,🔴 DOWN,50%,1/2 (5000)
EGCO,±2.0%,4,3,-++-,4D_Mixed_-++-,Mixed,🟢 UP,100%,1/1 (5000)
EGCO,±2.0%,4,3,-+-+,4D_Reversal_Up,Reversal,🟢 UP,50%,2/4 (5000)
EGCO,±2.0%,4,3,-+--,4D_Mixed_-+--,Mixed,🟢 UP,100%,1/1 (5000)
EGCO,±2.0%,4,3,--++,4D_Reversal_Up,Reversal,🔴 DOWN,0%,0/2 (5000)
EGCO,±2.0%,4,3,--+-,4D_Mixed_--+-,Mixed,🔴 DOWN,0%,0/1 (5000)
EGCO,±2.0%,4,3,---+,4D_Reversal_Up,Reversal,🟢 UP,100%,1/1 (5000)
GLOBAL,±4.1%,5,2,+,1_Days_Up,Trend,🟢 UP,40%,83/205 (3999)
GLOBAL,±4.1%,5,2,-,1_Days_Down,Trend,🟢 UP,47%,57/120 (3999)
GLOBAL,±4.1%,5,2,++,2_Days_Up,Trend,🟢 UP,36%,11/30 (3999)
GLOBAL,±4.1%,5,2,+-,2D_Reversal_Down,Reversal,🔴 DOWN,50%,6/12 (3999)
GLOBAL,±4.1%,5,2,-+,2D_Reversal_Up,Reversal,🔴 DOWN,41%,7/17 (3999)
GLOBAL,±4.1%,5,2,--,2_Days_Down,Trend,🟢 UP,63%,7/11 (3999)
GLOBAL,±4.1%,5,2,+++,3_Days_Up,Trend,🟢 UP,40%,2/5 (3999)
GLOBAL,±4.1%,5,2,++-,3D_Reversal_Down,Reversal,🔴 DOWN,33%,1/3 (3999)
GLOBAL,±4.1%,5,2,+-+,3D_Mixed_+-+,Mixed,🔴 DOWN,0%,0/1 (3999)
GLOBAL,±4.1%,5,2,+--,3D_Reversal_Down,Reversal,🟢 UP,50%,1/2 (3999)
GLOBAL,±4.1%,5,2,-+-,3D_Mixed_-+-,Mixed,🟢 UP,66%,2/3 (3999)
GLOBAL,±4.1%,5,2,--+,3D_Reversal_Up,Reversal,🔴 DOWN,0%,0/2 (3999)
GLOBAL,±4.1%,5,2,++++,4_Days_Up,Trend,🟢 UP,50%,1/2 (3999)
GLOBAL,±4.1%,5,2,+++-,4D_Reversal_Down,Reversal,🔴 DOWN,33%,1/3 (3999)
GLOBAL,±4.1%,5,2,++-+,4D_Mixed_++-+,Mixed,🔴 DOWN,0%,0/1 (3999)
GLOBAL,±4.1%,5,2,++--,4D_Reversal_Down,Reversal,🔴 DOWN,0%,0/1 (3999)
GLOBAL,±4.1%,5,2,--+-,4D_Mixed_--+-,Mixed,🟢 UP,100%,1/1 (3999)
GLOBAL,±4.1%,5,2,+++++,Streak_Up_5,Breakout,🔴 DOWN,0%,0/1 (3999)
GPSC,±2.6%,4,2,+,1_Days_Up,Trend,🔴 DOWN,38%,100/263 (2601)
GPSC,±2.6%,4,2,-,1_Days_Down,Trend,🟢 UP,47%,95/200 (2601)
GPSC,±2.6%,4,2,++,2_Days_Up,Trend,🟢 UP,47%,16/34 (2601)
GPSC,±2.6%,4,2,+-,2D_Reversal_Down,Reversal,🟢 UP,52%,11/21 (2601)
GPSC,±2.6%,4,2,-+,2D_Reversal_Up,Reversal,🔴 DOWN,43%,16/37 (2601)
GPSC,±2.6%,4,2,--,2_Days_Down,Trend,🟢 UP,73%,14/19 (2601)
GPSC,±2.6%,4,2,+++,3_Days_Up,Trend,🟢 UP,71%,5/7 (2601)
GPSC,±2.6%,4,2,++-,3D_Reversal_Down,Reversal,🟢 UP,75%,3/4 (2601)
GPSC,±2.6%,4,2,+-+,3D_Mixed_+-+,Mixed,🔴 DOWN,42%,3/7 (2601)
GPSC,±2.6%,4,2,+--,3D_Reversal_Down,Reversal,🟢 UP,75%,3/4 (2601)
GPSC,±2.6%,4,2,-++,3D_Reversal_Up,Reversal,🟢 UP,42%,3/7 (2601)
GPSC,±2.6%,4,2,-+-,3D_Mixed_-+-,Mixed,🟢 UP,80%,4/5 (2601)
GPSC,±2.6%,4,2,--+,3D_Reversal_Up,Reversal,🔴 DOWN,66%,4/6 (2601)
GPSC,±2.6%,4,2,++++,4_Days_Up,Trend,🔴 DOWN,33%,1/3 (2601)
GPSC,±2.6%,4,2,+++-,4D_Reversal_Down,Reversal,🟢 UP,100%,1/1 (2601)
GPSC,±2.6%,4,2,++-+,4D_Mixed_++-+,Mixed,🟢 UP,50%,1/2 (2601)
GPSC,±2.6%,4,2,+-++,4D_Mixed_+-++,Mixed,🟢 UP,100%,3/3 (2601)
GPSC,±2.6%,4,2,+-+-,4D_Reversal_Down,Reversal,🟢 UP,100%,1/1 (2601)
GPSC,±2.6%,4,2,+--+,4D_Mixed_+--+,Mixed,🟢 UP,100%,1/1 (2601)
GPSC,±2.6%,4,2,-+++,4D_Reversal_Up,Reversal,🟢 UP,100%,2/2 (2601)
GPSC,±2.6%,4,2,-++-,4D_Mixed_-++-,Mixed,🟢 UP,100%,2/2 (2601)
GPSC,±2.6%,4,2,-+-+,4D_Reversal_Up,Reversal,🟢 UP,50%,1/2 (2601)
GPSC,±2.6%,4,2,--++,4D_Reversal_Up,Reversal,🔴 DOWN,0%,0/2 (2601)
GPSC,±2.6%,4,2,--+-,4D_Mixed_--+-,Mixed,🟢 UP,100%,1/1 (2601)
HMPRO,±3.1%,4,4,+,1_Days_Up,Trend,🟢 UP,38%,100/261 (5000)
HMPRO,±3.1%,4,4,-,1_Days_Down,Trend,🟢 UP,49%,90/182 (5000)
HMPRO,±3.1%,4,4,++,2_Days_Up,Trend,🔴 DOWN,28%,9/32 (5000)
HMPRO,±3.1%,4,4,+-,2D_Reversal_Down,Reversal,🔴 DOWN,23%,4/17 (5000)
HMPRO,±3.1%,4,4,-+,2D_Reversal_Up,Reversal,🟢 UP,50%,12/24 (5000)
HMPRO,±3.1%,4,4,--,2_Days_Down,Trend,🟢 UP,56%,14/25 (5000)
HMPRO,±3.1%,4,4,+++,3_Days_Up,Trend,🟢 UP,40%,2/5 (5000)
HMPRO,±3.1%,4,4,++-,3D_Reversal_Down,Reversal,🔴 DOWN,0%,0/1 (5000)
HMPRO,±3.1%,4,4,+-+,3D_Mixed_+-+,Mixed,🟢 UP,100%,2/2 (5000)
HMPRO,±3.1%,4,4,+--,3D_Reversal_Down,Reversal,🟢 UP,66%,2/3 (5000)
HMPRO,±3.1%,4,4,-++,3D_Reversal_Up,Reversal,🟢 UP,33%,2/6 (5000)
HMPRO,±3.1%,4,4,-+-,3D_Mixed_-+-,Mixed,🔴 DOWN,0%,0/3 (5000)
HMPRO,±3.1%,4,4,--+,3D_Reversal_Up,Reversal,🟢 UP,50%,2/4 (5000)
HMPRO,±3.1%,4,4,---,3_Days_Down,Trend,🔴 DOWN,75%,3/4 (5000)
HMPRO,±3.1%,4,4,++++,4_Days_Up,Trend,⚪ SIDE,0%,0/1 (5000)
HMPRO,±3.1%,4,4,+--+,4D_Mixed_+--+,Mixed,🟢 UP,100%,1/1 (5000)
HMPRO,±3.1%,4,4,-+++,4D_Reversal_Up,Reversal,🔴 DOWN,50%,1/2 (5000)
HMPRO,±3.1%,4,4,-+--,4D_Mixed_-+--,Mixed,🟢 UP,100%,1/1 (5000)
HMPRO,±3.1%,4,4,--++,4D_Reversal_Up,Reversal,🟢 UP,100%,1/1 (5000)
HMPRO,±3.1%,4,4,----,4_Days_Down,Trend,🟢 UP,100%,1/1 (5000)
IVL,±3.3%,4,3,+,1_Days_Up,Trend,🟢 UP,41%,148/358 (3882)
IVL,±3.3%,4,3,-,1_Days_Down,Trend,🟢 UP,53%,156/291 (3882)
IVL,±3.3%,4,3,++,2_Days_Up,Trend,🔴 DOWN,47%,21/44 (3882)
IVL,±3.3%,4,3,+-,2D_Reversal_Down,Reversal,🟢 UP,58%,18/31 (3882)
IVL,±3.3%,4,3,-+,2D_Reversal_Up,Reversal,🟢 UP,41%,22/53 (3882)
IVL,±3.3%,4,3,--,2_Days_Down,Trend,🟢 UP,62%,18/29 (3882)
IVL,±3.3%,4,3,+++,3_Days_Up,Trend,🟢 UP,60%,3/5 (3882)
IVL,±3.3%,4,3,++-,3D_Reversal_Down,Reversal,🟢 UP,75%,6/8 (3882)
IVL,±3.3%,4,3,+-+,3D_Mixed_+-+,Mixed,🔴 DOWN,42%,3/7 (3882)
IVL,±3.3%,4,3,+--,3D_Reversal_Down,Reversal,🟢 UP,100%,3/3 (3882)
IVL,±3.3%,4,3,-++,3D_Reversal_Up,Reversal,🔴 DOWN,55%,5/9 (3882)
IVL,±3.3%,4,3,-+-,3D_Mixed_-+-,Mixed,🟢 UP,50%,3/6 (3882)
IVL,±3.3%,4,3,--+,3D_Reversal_Up,Reversal,🔴 DOWN,33%,3/9 (3882)
IVL,±3.3%,4,3,---,3_Days_Down,Trend,🟢 UP,75%,3/4 (3882)
IVL,±3.3%,4,3,++++,4_Days_Up,Trend,🟢 UP,100%,1/1 (3882)
IVL,±3.3%,4,3,+++-,4D_Reversal_Down,Reversal,🟢 UP,100%,1/1 (3882)
IVL,±3.3%,4,3,++-+,4D_Mixed_++-+,Mixed,🔴 DOWN,33%,1/3 (3882)
IVL,±3.3%,4,3,++--,4D_Reversal_Down,Reversal,🟢 UP,100%,1/1 (3882)
IVL,±3.3%,4,3,+-++,4D_Mixed_+-++,Mixed,🔴 DOWN,0%,0/1 (3882)
IVL,±3.3%,4,3,+-+-,4D_Reversal_Down,Reversal,🔴 DOWN,0%,0/1 (3882)
IVL,±3.3%,4,3,+--+,4D_Mixed_+--+,Mixed,🔴 DOWN,50%,1/2 (3882)
IVL,±3.3%,4,3,-+++,4D_Reversal_Up,Reversal,🟢 UP,100%,1/1 (3882)
IVL,±3.3%,4,3,-++-,4D_Mixed_-++-,Mixed,🟢 UP,50%,1/2 (3882)
IVL,±3.3%,4,3,-+-+,4D_Reversal_Up,Reversal,🔴 DOWN,0%,0/1 (3882)
IVL,±3.3%,4,3,--++,4D_Reversal_Up,Reversal,🔴 DOWN,0%,0/1 (3882)
IVL,±3.3%,4,3,--+-,4D_Mixed_--+-,Mixed,🟢 UP,100%,1/1 (3882)
IVL,±3.3%,4,3,---+,4D_Reversal_Up,Reversal,🔴 DOWN,0%,0/1 (3882)
KBANK,±1.1%,6,5,+,1_Days_Up,Trend,🟢 UP,46%,543/1180 (5000)
KBANK,±1.1%,6,5,-,1_Days_Down,Trend,🔴 DOWN,47%,546/1155 (5000)
KBANK,±1.1%,6,5,++,2_Days_Up,Trend,🟢 UP,43%,142/325 (5000)
KBANK,±1.1%,6,5,+-,2D_Reversal_Down,Reversal,🔴 DOWN,41%,110/268 (5000)
KBANK,±1.1%,6,5,-+,2D_Reversal_Up,Reversal,🟢 UP,48%,152/312 (5000)
KBANK,±1.1%,6,5,--,2_Days_Down,Trend,🟢 UP,51%,164/317 (5000)
KBANK,±1.1%,6,5,+++,3_Days_Up,Trend,🟢 UP,43%,38/88 (5000)
KBANK,±1.1%,6,5,++-,3D_Reversal_Down,Reversal,🔴 DOWN,44%,39/87 (5000)
KBANK,±1.1%,6,5,+-+,3D_Mixed_+-+,Mixed,🟢 UP,51%,36/70 (5000)
KBANK,±1.1%,6,5,+--,3D_Reversal_Down,Reversal,🔴 DOWN,49%,42/85 (5000)
KBANK,±1.1%,6,5,-++,3D_Reversal_Up,Reversal,🔴 DOWN,37%,32/86 (5000)
KBANK,±1.1%,6,5,-+-,3D_Mixed_-+-,Mixed,🟢 UP,48%,34/70 (5000)
KBANK,±1.1%,6,5,--+,3D_Reversal_Up,Reversal,🟢 UP,51%,51/100 (5000)
KBANK,±1.1%,6,5,---,3_Days_Down,Trend,🟢 UP,60%,50/82 (5000)
KBANK,±1.1%,6,5,++++,4_Days_Up,Trend,🔴 DOWN,38%,8/21 (5000)
KBANK,±1.1%,6,5,+++-,4D_Reversal_Down,Reversal,🔴 DOWN,40%,10/25 (5000)
KBANK,±1.1%,6,5,++-+,4D_Mixed_++-+,Mixed,🟢 UP,51%,15/29 (5000)
KBANK,±1.1%,6,5,++--,4D_Reversal_Down,Reversal,🔴 DOWN,46%,14/30 (5000)
KBANK,±1.1%,6,5,+-++,4D_Mixed_+-++,Mixed,🔴 DOWN,23%,5/21 (5000)
KBANK,±1.1%,6,5,+-+-,4D_Reversal_Down,Reversal,🟢 UP,78%,11/14 (5000)
KBANK,±1.1%,6,5,+--+,4D_Mixed_+--+,Mixed,🟢 UP,54%,12/22 (5000)
KBANK,±1.1%,6,5,+---,4D_Reversal_Down,Reversal,🟢 UP,59%,13/22 (5000)
KBANK,±1.1%,6,5,-+++,4D_Reversal_Up,Reversal,🟢 UP,31%,6/19 (5000)
KBANK,±1.1%,6,5,-++-,4D_Mixed_-++-,Mixed,🔴 DOWN,44%,11/25 (5000)
KBANK,±1.1%,6,5,-+-+,4D_Reversal_Up,Reversal,🟢 UP,54%,12/22 (5000)
KBANK,±1.1%,6,5,-+--,4D_Mixed_-+--,Mixed,🔴 DOWN,52%,9/17 (5000)
KBANK,±1.1%,6,5,--++,4D_Reversal_Up,Reversal,🔴 DOWN,36%,12/33 (5000)
KBANK,±1.1%,6,5,--+-,4D_Mixed_--+-,Mixed,🟢 UP,46%,13/28 (5000)
KBANK,±1.1%,6,5,---+,4D_Reversal_Up,Reversal,🟢 UP,55%,22/40 (5000)
KBANK,±1.1%,6,5,----,4_Days_Down,Trend,🟢 UP,58%,10/17 (5000)
KBANK,±1.1%,6,5,+++++,Streak_Up_5,Breakout,🟢 UP,66%,2/3 (5000)
KBANK,±1.1%,6,5,-----,Streak_Down_5,Breakout,🟢 UP,100%,4/4 (5000)
KBANK,±1.1%,6,5,++++++,Streak_Up_6,Breakout,🔴 DOWN,0%,0/1 (5000)
KTB,±2.0%,6,4,+,1_Days_Up,Trend,🟢 UP,42%,232/549 (5000)
KTB,±2.0%,6,4,-,1_Days_Down,Trend,🔴 DOWN,43%,210/486 (5000)
KTB,±2.0%,6,4,++,2_Days_Up,Trend,🟢 UP,46%,43/92 (5000)
KTB,±2.0%,6,4,+-,2D_Reversal_Down,Reversal,🔴 DOWN,36%,27/74 (5000)
KTB,±2.0%,6,4,-+,2D_Reversal_Up,Reversal,🔴 DOWN,45%,38/84 (5000)
KTB,±2.0%,6,4,--,2_Days_Down,Trend,🟢 UP,43%,43/98 (5000)
KTB,±2.0%,6,4,+++,3_Days_Up,Trend,🟢 UP,52%,13/25 (5000)
KTB,±2.0%,6,4,++-,3D_Reversal_Down,Reversal,🔴 DOWN,33%,5/15 (5000)
KTB,±2.0%,6,4,+-+,3D_Mixed_+-+,Mixed,🟢 UP,55%,5/9 (5000)
KTB,±2.0%,6,4,+--,3D_Reversal_Down,Reversal,🔴 DOWN,40%,6/15 (5000)
KTB,±2.0%,6,4,-++,3D_Reversal_Up,Reversal,🔴 DOWN,40%,4/10 (5000)
KTB,±2.0%,6,4,-+-,3D_Mixed_-+-,Mixed,🟢 UP,33%,5/15 (5000)
KTB,±2.0%,6,4,--+,3D_Reversal_Up,Reversal,🔴 DOWN,33%,8/24 (5000)
KTB,±2.0%,6,4,---,3_Days_Down,Trend,🟢 UP,57%,12/21 (5000)
KTB,±2.0%,6,4,++++,4_Days_Up,Trend,🔴 DOWN,30%,3/10 (5000)
KTB,±2.0%,6,4,+++-,4D_Reversal_Down,Reversal,🔴 DOWN,33%,2/6 (5000)
KTB,±2.0%,6,4,++-+,4D_Mixed_++-+,Mixed,🔴 DOWN,50%,1/2 (5000)
KTB,±2.0%,6,4,++--,4D_Reversal_Down,Reversal,🟢 UP,66%,2/3 (5000)
KTB,±2.0%,6,4,+-++,4D_Mixed_+-++,Mixed,🔴 DOWN,0%,0/1 (5000)
KTB,±2.0%,6,4,+-+-,4D_Reversal_Down,Reversal,🔴 DOWN,0%,0/1 (5000)
KTB,±2.0%,6,4,+--+,4D_Mixed_+--+,Mixed,🟢 UP,50%,2/4 (5000)
KTB,±2.0%,6,4,+---,4D_Reversal_Down,Reversal,🟢 UP,50%,2/4 (5000)
KTB,±2.0%,6,4,-+++,4D_Reversal_Up,Reversal,🟢 UP,100%,2/2 (5000)
KTB,±2.0%,6,4,-++-,4D_Mixed_-++-,Mixed,⚪ SIDE,0%,0/2 (5000)
KTB,±2.0%,6,4,-+-+,4D_Reversal_Up,Reversal,🟢 UP,50%,1/2 (5000)
KTB,±2.0%,6,4,-+--,4D_Mixed_-+--,Mixed,🟢 UP,33%,1/3 (5000)
KTB,±2.0%,6,4,--++,4D_Reversal_Up,Reversal,🔴 DOWN,0%,0/2 (5000)
KTB,±2.0%,6,4,--+-,4D_Mixed_--+-,Mixed,🟢 UP,62%,5/8 (5000)
KTB,±2.0%,6,4,---+,4D_Reversal_Up,Reversal,🔴 DOWN,25%,2/8 (5000)
KTB,±2.0%,6,4,----,4_Days_Down,Trend,🟢 UP,100%,1/1 (5000)
KTB,±2.0%,6,4,+++++,Streak_Up_5,Breakout,🔴 DOWN,33%,1/3 (5000)
KTB,±2.0%,6,4,++++++,Streak_Up_6,Breakout,🔴 DOWN,0%,0/1 (5000)
KTC,±2.8%,4,4,+,1_Days_Up,Trend,🟢 UP,43%,212/484 (5000)
KTC,±2.8%,4,4,-,1_Days_Down,Trend,🔴 DOWN,46%,175/373 (5000)
KTC,±2.8%,4,4,++,2_Days_Up,Trend,🟢 UP,45%,39/85 (5000)
KTC,±2.8%,4,4,+-,2D_Reversal_Down,Reversal,🔴 DOWN,31%,15/47 (5000)
KTC,±2.8%,4,4,-+,2D_Reversal_Up,Reversal,🟢 UP,44%,28/63 (5000)
KTC,±2.8%,4,4,--,2_Days_Down,Trend,🟢 UP,58%,37/63 (5000)
KTC,±2.8%,4,4,+++,3_Days_Up,Trend,🔴 DOWN,25%,4/16 (5000)
KTC,±2.8%,4,4,++-,3D_Reversal_Down,Reversal,🔴 DOWN,33%,4/12 (5000)
KTC,±2.8%,4,4,+-+,3D_Mixed_+-+,Mixed,🔴 DOWN,20%,1/5 (5000)
KTC,±2.8%,4,4,+--,3D_Reversal_Down,Reversal,🟢 UP,61%,8/13 (5000)
KTC,±2.8%,4,4,-++,3D_Reversal_Up,Reversal,🟢 UP,66%,8/12 (5000)
KTC,±2.8%,4,4,-+-,3D_Mixed_-+-,Mixed,🔴 DOWN,18%,2/11 (5000)
KTC,±2.8%,4,4,--+,3D_Reversal_Up,Reversal,🟢 UP,52%,10/19 (5000)
KTC,±2.8%,4,4,---,3_Days_Down,Trend,🟢 UP,70%,7/10 (5000)
KTC,±2.8%,4,4,++++,4_Days_Up,Trend,⚪ SIDE,0%,0/2 (5000)
KTC,±2.8%,4,4,+++-,4D_Reversal_Down,Reversal,🔴 DOWN,0%,0/2 (5000)
KTC,±2.8%,4,4,++-+,4D_Mixed_++-+,Mixed,🔴 DOWN,0%,0/1 (5000)
KTC,±2.8%,4,4,++--,4D_Reversal_Down,Reversal,🔴 DOWN,33%,1/3 (5000)
KTC,±2.8%,4,4,+-+-,4D_Reversal_Down,Reversal,🔴 DOWN,0%,0/2 (5000)
KTC,±2.8%,4,4,+--+,4D_Mixed_+--+,Mixed,🔴 DOWN,50%,2/4 (5000)
KTC,±2.8%,4,4,+---,4D_Reversal_Down,Reversal,🟢 UP,100%,2/2 (5000)
KTC,±2.8%,4,4,-+++,4D_Reversal_Up,Reversal,🔴 DOWN,33%,2/6 (5000)
KTC,±2.8%,4,4,-++-,4D_Mixed_-++-,Mixed,🔴 DOWN,0%,0/1 (5000)
KTC,±2.8%,4,4,-+-+,4D_Reversal_Up,Reversal,🔴 DOWN,0%,0/1 (5000)
KTC,±2.8%,4,4,-+--,4D_Mixed_-+--,Mixed,🟢 UP,80%,4/5 (5000)
KTC,±2.8%,4,4,--++,4D_Reversal_Up,Reversal,🟢 UP,80%,4/5 (5000)
KTC,±2.8%,4,4,--+-,4D_Mixed_--+-,Mixed,🔴 DOWN,25%,1/4 (5000)
KTC,±2.8%,4,4,---+,4D_Reversal_Up,Reversal,🟢 UP,66%,2/3 (5000)
KTC,±2.8%,4,4,----,4_Days_Down,Trend,🟢 UP,100%,1/1 (5000)
LH,±1.9%,5,5,+,1_Days_Up,Trend,🔴 DOWN,36%,257/696 (5000)
LH,±1.9%,5,5,-,1_Days_Down,Trend,🟢 UP,46%,310/669 (5000)
LH,±1.9%,5,5,++,2_Days_Up,Trend,🔴 DOWN,40%,56/138 (5000)
LH,±1.9%,5,5,+-,2D_Reversal_Down,Reversal,🔴 DOWN,42%,59/138 (5000)
LH,±1.9%,5,5,-+,2D_Reversal_Up,Reversal,🔴 DOWN,36%,48/131 (5000)
LH,±1.9%,5,5,--,2_Days_Down,Trend,🟢 UP,47%,57/120 (5000)
LH,±1.9%,5,5,+++,3_Days_Up,Trend,🔴 DOWN,42%,12/28 (5000)
LH,±1.9%,5,5,++-,3D_Reversal_Down,Reversal,🟢 UP,51%,19/37 (5000)
LH,±1.9%,5,5,+-+,3D_Mixed_+-+,Mixed,🔴 DOWN,24%,7/29 (5000)
LH,±1.9%,5,5,+--,3D_Reversal_Down,Reversal,🟢 UP,50%,15/30 (5000)
LH,±1.9%,5,5,-++,3D_Reversal_Up,Reversal,🟢 UP,51%,17/33 (5000)
LH,±1.9%,5,5,-+-,3D_Mixed_-+-,Mixed,🔴 DOWN,45%,16/35 (5000)
LH,±1.9%,5,5,--+,3D_Reversal_Up,Reversal,🔴 DOWN,41%,15/36 (5000)
LH,±1.9%,5,5,---,3_Days_Down,Trend,🟢 UP,59%,16/27 (5000)
LH,±1.9%,5,5,++++,4_Days_Up,Trend,🟢 UP,66%,4/6 (5000)
LH,±1.9%,5,5,+++-,4D_Reversal_Down,Reversal,🟢 UP,62%,5/8 (5000)
LH,±1.9%,5,5,++-+,4D_Mixed_++-+,Mixed,🔴 DOWN,25%,3/12 (5000)
LH,±1.9%,5,5,++--,4D_Reversal_Down,Reversal,🟢 UP,50%,4/8 (5000)
LH,±1.9%,5,5,+-++,4D_Mixed_+-++,Mixed,🟢 UP,80%,4/5 (5000)
LH,±1.9%,5,5,+-+-,4D_Reversal_Down,Reversal,🟢 UP,60%,3/5 (5000)
LH,±1.9%,5,5,+--+,4D_Mixed_+--+,Mixed,🟢 UP,70%,7/10 (5000)
LH,±1.9%,5,5,+---,4D_Reversal_Down,Reversal,🟢 UP,66%,4/6 (5000)
LH,±1.9%,5,5,-+++,4D_Reversal_Up,Reversal,🟢 UP,57%,4/7 (5000)
LH,±1.9%,5,5,-++-,4D_Mixed_-++-,Mixed,🟢 UP,50%,4/8 (5000)
LH,±1.9%,5,5,-+-+,4D_Reversal_Up,Reversal,🟢 UP,37%,3/8 (5000)
LH,±1.9%,5,5,-+--,4D_Mixed_-+--,Mixed,🟢 UP,62%,5/8 (5000)
LH,±1.9%,5,5,--++,4D_Reversal_Up,Reversal,🟢 UP,58%,7/12 (5000)
LH,±1.9%,5,5,--+-,4D_Mixed_--+-,Mixed,🔴 DOWN,54%,6/11 (5000)
LH,±1.9%,5,5,---+,4D_Reversal_Up,Reversal,🔴 DOWN,23%,3/13 (5000)
LH,±1.9%,5,5,----,4_Days_Down,Trend,🟢 UP,66%,4/6 (5000)
LH,±1.9%,5,5,+++++,Streak_Up_5,Breakout,🔴 DOWN,0%,0/1 (5000)
LH,±1.9%,5,5,-----,Streak_Down_5,Breakout,🟢 UP,100%,1/1 (5000)
MINT,±1.6%,5,7,+,1_Days_Up,Trend,🟢 UP,37%,357/947 (5000)
MINT,±1.6%,5,7,-,1_Days_Down,Trend,🟢 UP,45%,397/878 (5000)
MINT,±1.6%,5,7,++,2_Days_Up,Trend,🔴 DOWN,31%,61/194 (5000)
MINT,±1.6%,5,7,+-,2D_Reversal_Down,Reversal,🟢 UP,42%,85/199 (5000)
MINT,±1.6%,5,7,-+,2D_Reversal_Up,Reversal,🔴 DOWN,41%,87/211 (5000)
MINT,±1.6%,5,7,--,2_Days_Down,Trend,🟢 UP,51%,91/176 (5000)
MINT,±1.6%,5,7,+++,3_Days_Up,Trend,🔴 DOWN,21%,7/33 (5000)
MINT,±1.6%,5,7,++-,3D_Reversal_Down,Reversal,🟢 UP,43%,25/57 (5000)
MINT,±1.6%,5,7,+-+,3D_Mixed_+-+,Mixed,🔴 DOWN,38%,18/47 (5000)
MINT,±1.6%,5,7,+--,3D_Reversal_Down,Reversal,🟢 UP,48%,21/43 (5000)
MINT,±1.6%,5,7,-++,3D_Reversal_Up,Reversal,🔴 DOWN,34%,16/47 (5000)
MINT,±1.6%,5,7,-+-,3D_Mixed_-+-,Mixed,🟢 UP,50%,25/50 (5000)
MINT,±1.6%,5,7,--+,3D_Reversal_Up,Reversal,🟢 UP,41%,27/65 (5000)
MINT,±1.6%,5,7,---,3_Days_Down,Trend,🟢 UP,56%,23/41 (5000)
MINT,±1.6%,5,7,++++,4_Days_Up,Trend,🔴 DOWN,16%,1/6 (5000)
MINT,±1.6%,5,7,+++-,4D_Reversal_Down,Reversal,🔴 DOWN,38%,7/18 (5000)
MINT,±1.6%,5,7,++-+,4D_Mixed_++-+,Mixed,🟢 UP,40%,8/20 (5000)
MINT,±1.6%,5,7,++--,4D_Reversal_Down,Reversal,🟢 UP,53%,8/15 (5000)
MINT,±1.6%,5,7,+-++,4D_Mixed_+-++,Mixed,🔴 DOWN,45%,5/11 (5000)
MINT,±1.6%,5,7,+-+-,4D_Reversal_Down,Reversal,🟢 UP,53%,8/15 (5000)
MINT,±1.6%,5,7,+--+,4D_Mixed_+--+,Mixed,🟢 UP,46%,7/15 (5000)
MINT,±1.6%,5,7,+---,4D_Reversal_Down,Reversal,🔴 DOWN,50%,4/8 (5000)
MINT,±1.6%,5,7,-+++,4D_Reversal_Up,Reversal,🔴 DOWN,20%,1/5 (5000)
MINT,±1.6%,5,7,-++-,4D_Mixed_-++-,Mixed,🟢 UP,69%,9/13 (5000)
MINT,±1.6%,5,7,-+-+,4D_Reversal_Up,Reversal,🔴 DOWN,46%,6/13 (5000)
MINT,±1.6%,5,7,-+--,4D_Mixed_-+--,Mixed,🟢 UP,61%,8/13 (5000)
MINT,±1.6%,5,7,--++,4D_Reversal_Up,Reversal,🔴 DOWN,20%,3/15 (5000)
MINT,±1.6%,5,7,--+-,4D_Mixed_--+-,Mixed,🔴 DOWN,37%,6/16 (5000)
MINT,±1.6%,5,7,---+,4D_Reversal_Up,Reversal,🔴 DOWN,28%,6/21 (5000)
MINT,±1.6%,5,7,----,4_Days_Down,Trend,🟢 UP,60%,6/10 (5000)
MINT,±1.6%,5,7,+++++,Streak_Up_5,Breakout,🔴 DOWN,0%,0/1 (5000)
MINT,±1.6%,5,7,-----,Streak_Down_5,Breakout,🟢 UP,50%,2/4 (5000)
MINT,±1.6%,5,7,------,Streak_Down_6,Breakout,🟢 UP,50%,1/2 (5000)
MINT,±1.6%,5,7,-------,Streak_Down_7,Breakout,🟢 UP,100%,1/1 (5000)
MTC,±3.5%,3,3,+,1_Days_Up,Trend,🔴 DOWN,40%,77/188 (2710)
MTC,±3.5%,3,3,-,1_Days_Down,Trend,🟢 UP,52%,69/131 (2710)
MTC,±3.5%,3,3,++,2_Days_Up,Trend,🟢 UP,58%,10/17 (2710)
MTC,±3.5%,3,3,+-,2D_Reversal_Down,Reversal,🔴 DOWN,33%,4/12 (2710)
MTC,±3.5%,3,3,-+,2D_Reversal_Up,Reversal,🔴 DOWN,45%,9/20 (2710)
MTC,±3.5%,3,3,--,2_Days_Down,Trend,🟢 UP,60%,9/15 (2710)
MTC,±3.5%,3,3,+++,3_Days_Up,Trend,🟢 UP,50%,1/2 (2710)
MTC,±3.5%,3,3,++-,3D_Reversal_Down,Reversal,🟢 UP,100%,1/1 (2710)
MTC,±3.5%,3,3,+-+,3D_Mixed_+-+,Mixed,🔴 DOWN,0%,0/1 (2710)
MTC,±3.5%,3,3,+--,3D_Reversal_Down,Reversal,🟢 UP,60%,3/5 (2710)
MTC,±3.5%,3,3,-++,3D_Reversal_Up,Reversal,🟢 UP,100%,2/2 (2710)
MTC,±3.5%,3,3,-+-,3D_Mixed_-+-,Mixed,🔴 DOWN,20%,1/5 (2710)
MTC,±3.5%,3,3,--+,3D_Reversal_Up,Reversal,🔴 DOWN,25%,1/4 (2710)
MTC,±3.5%,3,3,---,3_Days_Down,Trend,🟢 UP,100%,1/1 (2710)
OR,±3.1%,2,2,+,1_Days_Up,Trend,🟢 UP,46%,24/52 (1198)
OR,±3.1%,2,2,-,1_Days_Down,Trend,🟢 UP,50%,18/36 (1198)
OR,±3.1%,2,2,++,2_Days_Up,Trend,🔴 DOWN,50%,2/4 (1198)
OR,±3.1%,2,2,+-,2D_Reversal_Down,Reversal,🔴 DOWN,50%,2/4 (1198)
OR,±3.1%,2,2,-+,2D_Reversal_Up,Reversal,🔴 DOWN,25%,1/4 (1198)
OR,±3.1%,2,2,--,2_Days_Down,Trend,🟢 UP,100%,2/2 (1198)
OR,±3.1%,2,2,++-,3D_Reversal_Down,Reversal,🔴 DOWN,0%,0/1 (1198)
OR,±3.1%,2,2,+-+,3D_Mixed_+-+,Mixed,🔴 DOWN,0%,0/1 (1198)
OR,±3.1%,2,2,+--,3D_Reversal_Down,Reversal,🟢 UP,100%,1/1 (1198)
OR,±3.1%,2,2,-++,3D_Reversal_Up,Reversal,🔴 DOWN,0%,0/1 (1198)
OR,±3.1%,2,2,-+-,3D_Mixed_-+-,Mixed,🟢 UP,100%,1/1 (1198)
OR,±3.1%,2,2,--+,3D_Reversal_Up,Reversal,🟢 UP,100%,1/1 (1198)
OSP,±2.5%,3,5,+,1_Days_Up,Trend,🟢 UP,39%,56/143 (1762)
OSP,±2.5%,3,5,-,1_Days_Down,Trend,🟢 UP,47%,55/117 (1762)
OSP,±2.5%,3,5,++,2_Days_Up,Trend,🔴 DOWN,31%,7/22 (1762)
OSP,±2.5%,3,5,+-,2D_Reversal_Down,Reversal,🟢 UP,61%,8/13 (1762)
OSP,±2.5%,3,5,-+,2D_Reversal_Up,Reversal,🔴 DOWN,40%,6/15 (1762)
OSP,±2.5%,3,5,--,2_Days_Down,Trend,🔴 DOWN,50%,5/10 (1762)
OSP,±2.5%,3,5,+++,3_Days_Up,Trend,🔴 DOWN,33%,1/3 (1762)
OSP,±2.5%,3,5,++-,3D_Reversal_Down,Reversal,🟢 UP,66%,2/3 (1762)
OSP,±2.5%,3,5,+-+,3D_Mixed_+-+,Mixed,🟢 UP,100%,1/1 (1762)
OSP,±2.5%,3,5,-++,3D_Reversal_Up,Reversal,🟢 UP,33%,1/3 (1762)
OSP,±2.5%,3,5,-+-,3D_Mixed_-+-,Mixed,⚪ SIDE,0%,0/2 (1762)
OSP,±2.5%,3,5,--+,3D_Reversal_Up,Reversal,🔴 DOWN,0%,0/2 (1762)
OSP,±2.5%,3,5,---,3_Days_Down,Trend,🔴 DOWN,0%,0/3 (1762)
OSP,±2.5%,3,5,+++-,4D_Reversal_Down,Reversal,🔴 DOWN,50%,1/2 (1762)
OSP,±2.5%,3,5,--+-,4D_Mixed_--+-,Mixed,⚪ SIDE,0%,0/1 (1762)
OSP,±2.5%,3,5,----,4_Days_Down,Trend,🔴 DOWN,0%,0/2 (1762)
OSP,±2.5%,3,5,-----,Streak_Down_5,Breakout,🔴 DOWN,0%,0/1 (1762)
PLANB,±4.8%,3,2,+,1_Days_Up,Trend,🟢 UP,40%,36/89 (2656)
PLANB,±4.8%,3,2,-,1_Days_Down,Trend,🔴 DOWN,44%,26/59 (2656)
PLANB,±4.8%,3,2,++,2_Days_Up,Trend,🔴 DOWN,30%,3/10 (2656)
PLANB,±4.8%,3,2,+-,2D_Reversal_Down,Reversal,🔴 DOWN,25%,1/4 (2656)
PLANB,±4.8%,3,2,-+,2D_Reversal_Up,Reversal,🟢 UP,33%,1/3 (2656)
PLANB,±4.8%,3,2,--,2_Days_Down,Trend,🟢 UP,60%,3/5 (2656)
PLANB,±4.8%,3,2,+++,3_Days_Up,Trend,🔴 DOWN,0%,0/1 (2656)
PLANB,±4.8%,3,2,++-,3D_Reversal_Down,Reversal,🟢 UP,100%,1/1 (2656)
PLANB,±4.8%,3,2,+--,3D_Reversal_Down,Reversal,🔴 DOWN,0%,0/1 (2656)
PLANB,±4.8%,3,2,-++,3D_Reversal_Up,Reversal,🔴 DOWN,0%,0/1 (2656)
PLANB,±4.8%,3,2,--+,3D_Reversal_Up,Reversal,🟢 UP,50%,1/2 (2656)
PTT,±1.2%,6,6,+,1_Days_Up,Trend,🟢 UP,43%,426/981 (5000)
PTT,±1.2%,6,6,-,1_Days_Down,Trend,🔴 DOWN,44%,424/944 (5000)
PTT,±1.2%,6,6,++,2_Days_Up,Trend,🔴 DOWN,40%,97/237 (5000)
PTT,±1.2%,6,6,+-,2D_Reversal_Down,Reversal,🟢 UP,45%,92/203 (5000)
PTT,±1.2%,6,6,-+,2D_Reversal_Up,Reversal,🟢 UP,44%,96/215 (5000)
PTT,±1.2%,6,6,--,2_Days_Down,Trend,🔴 DOWN,47%,116/243 (5000)
PTT,±1.2%,6,6,+++,3_Days_Up,Trend,🔴 DOWN,44%,22/49 (5000)
PTT,±1.2%,6,6,++-,3D_Reversal_Down,Reversal,🟢 UP,49%,32/65 (5000)
PTT,±1.2%,6,6,+-+,3D_Mixed_+-+,Mixed,🟢 UP,46%,24/52 (5000)
PTT,±1.2%,6,6,+--,3D_Reversal_Down,Reversal,🔴 DOWN,44%,22/50 (5000)
PTT,±1.2%,6,6,-++,3D_Reversal_Up,Reversal,🔴 DOWN,38%,25/65 (5000)
PTT,±1.2%,6,6,-+-,3D_Mixed_-+-,Mixed,🟢 UP,41%,19/46 (5000)
PTT,±1.2%,6,6,--+,3D_Reversal_Up,Reversal,🔴 DOWN,45%,30/66 (5000)
PTT,±1.2%,6,6,---,3_Days_Down,Trend,🟢 UP,50%,38/75 (5000)
PTT,±1.2%,6,6,++++,4_Days_Up,Trend,🔴 DOWN,45%,5/11 (5000)
PTT,±1.2%,6,6,+++-,4D_Reversal_Down,Reversal,🟢 UP,56%,9/16 (5000)
PTT,±1.2%,6,6,++-+,4D_Mixed_++-+,Mixed,🔴 DOWN,31%,6/19 (5000)
PTT,±1.2%,6,6,++--,4D_Reversal_Down,Reversal,🔴 DOWN,53%,7/13 (5000)
PTT,±1.2%,6,6,+-++,4D_Mixed_+-++,Mixed,🟢 UP,44%,8/18 (5000)
PTT,±1.2%,6,6,+-+-,4D_Reversal_Down,Reversal,🔴 DOWN,20%,2/10 (5000)
PTT,±1.2%,6,6,+--+,4D_Mixed_+--+,Mixed,🟢 UP,80%,8/10 (5000)
PTT,±1.2%,6,6,+---,4D_Reversal_Down,Reversal,🔴 DOWN,12%,2/16 (5000)
PTT,±1.2%,6,6,-+++,4D_Reversal_Up,Reversal,🔴 DOWN,50%,7/14 (5000)
PTT,±1.2%,6,6,-++-,4D_Mixed_-++-,Mixed,🟢 UP,54%,12/22 (5000)
PTT,±1.2%,6,6,-+-+,4D_Reversal_Up,Reversal,🟢 UP,71%,10/14 (5000)
PTT,±1.2%,6,6,-+--,4D_Mixed_-+--,Mixed,🟢 UP,45%,5/11 (5000)
PTT,±1.2%,6,6,--++,4D_Reversal_Up,Reversal,🔴 DOWN,47%,9/19 (5000)
PTT,±1.2%,6,6,--+-,4D_Mixed_--+-,Mixed,🟢 UP,61%,11/18 (5000)
PTT,±1.2%,6,6,---+,4D_Reversal_Up,Reversal,🔴 DOWN,40%,12/30 (5000)
PTT,±1.2%,6,6,----,4_Days_Down,Trend,🟢 UP,68%,13/19 (5000)
PTT,±1.2%,6,6,+++++,Streak_Up_5,Breakout,🔴 DOWN,33%,1/3 (5000)
PTT,±1.2%,6,6,-----,Streak_Down_5,Breakout,🟢 UP,80%,4/5 (5000)
PTT,±1.2%,6,6,++++++,Streak_Up_6,Breakout,🔴 DOWN,0%,0/1 (5000)
PTT,±1.2%,6,6,------,Streak_Down_6,Breakout,🟢 UP,100%,1/1 (5000)
PTTEP,±1.5%,6,6,+,1_Days_Up,Trend,🟢 UP,43%,394/906 (5000)
PTTEP,±1.5%,6,6,-,1_Days_Down,Trend,🟢 UP,48%,437/909 (5000)
PTTEP,±1.5%,6,6,++,2_Days_Up,Trend,🔴 DOWN,40%,73/181 (5000)
PTTEP,±1.5%,6,6,+-,2D_Reversal_Down,Reversal,🟢 UP,46%,89/193 (5000)
PTTEP,±1.5%,6,6,-+,2D_Reversal_Up,Reversal,🔴 DOWN,43%,90/209 (5000)
PTTEP,±1.5%,6,6,--,2_Days_Down,Trend,🟢 UP,50%,98/193 (5000)
PTTEP,±1.5%,6,6,+++,3_Days_Up,Trend,🟢 UP,41%,15/36 (5000)
PTTEP,±1.5%,6,6,++-,3D_Reversal_Down,Reversal,🔴 DOWN,44%,21/47 (5000)
PTTEP,±1.5%,6,6,+-+,3D_Mixed_+-+,Mixed,🟢 UP,52%,21/40 (5000)
PTTEP,±1.5%,6,6,+--,3D_Reversal_Down,Reversal,🟢 UP,54%,24/44 (5000)
PTTEP,±1.5%,6,6,-++,3D_Reversal_Up,Reversal,🟢 UP,41%,18/43 (5000)
PTTEP,±1.5%,6,6,-+-,3D_Mixed_-+-,Mixed,🟢 UP,57%,32/56 (5000)
PTTEP,±1.5%,6,6,--+,3D_Reversal_Up,Reversal,🔴 DOWN,50%,33/66 (5000)
PTTEP,±1.5%,6,6,---,3_Days_Down,Trend,🟢 UP,58%,28/48 (5000)
PTTEP,±1.5%,6,6,++++,4_Days_Up,Trend,🟢 UP,44%,4/9 (5000)
PTTEP,±1.5%,6,6,+++-,4D_Reversal_Down,Reversal,🔴 DOWN,30%,3/10 (5000)
PTTEP,±1.5%,6,6,++-+,4D_Mixed_++-+,Mixed,🟢 UP,40%,4/10 (5000)
PTTEP,±1.5%,6,6,++--,4D_Reversal_Down,Reversal,🔴 DOWN,47%,8/17 (5000)
PTTEP,±1.5%,6,6,+-++,4D_Mixed_+-++,Mixed,🔴 DOWN,36%,4/11 (5000)
PTTEP,±1.5%,6,6,+-+-,4D_Reversal_Down,Reversal,🟢 UP,62%,5/8 (5000)
PTTEP,±1.5%,6,6,+--+,4D_Mixed_+--+,Mixed,🔴 DOWN,46%,7/15 (5000)
PTTEP,±1.5%,6,6,+---,4D_Reversal_Down,Reversal,🟢 UP,62%,5/8 (5000)
PTTEP,±1.5%,6,6,-+++,4D_Reversal_Up,Reversal,🟢 UP,41%,5/12 (5000)
PTTEP,±1.5%,6,6,-++-,4D_Mixed_-++-,Mixed,🔴 DOWN,22%,2/9 (5000)
PTTEP,±1.5%,6,6,-+-+,4D_Reversal_Up,Reversal,🟢 UP,68%,11/16 (5000)
PTTEP,±1.5%,6,6,-+--,4D_Mixed_-+--,Mixed,🟢 UP,81%,9/11 (5000)
PTTEP,±1.5%,6,6,--++,4D_Reversal_Up,Reversal,🟢 UP,52%,9/17 (5000)
PTTEP,±1.5%,6,6,--+-,4D_Mixed_--+-,Mixed,🟢 UP,55%,10/18 (5000)
PTTEP,±1.5%,6,6,---+,4D_Reversal_Up,Reversal,🔴 DOWN,40%,8/20 (5000)
PTTEP,±1.5%,6,6,----,4_Days_Down,Trend,🟢 UP,70%,7/10 (5000)
PTTEP,±1.5%,6,6,+++++,Streak_Up_5,Breakout,🔴 DOWN,25%,1/4 (5000)
PTTEP,±1.5%,6,6,-----,Streak_Down_5,Breakout,🟢 UP,50%,1/2 (5000)
PTTEP,±1.5%,6,6,++++++,Streak_Up_6,Breakout,🔴 DOWN,0%,0/1 (5000)
PTTEP,±1.5%,6,6,------,Streak_Down_6,Breakout,🟢 UP,100%,1/1 (5000)
PTTGC,±3.1%,3,4,+,1_Days_Up,Trend,🔴 DOWN,42%,89/211 (3469)
PTTGC,±3.1%,3,4,-,1_Days_Down,Trend,🔴 DOWN,50%,90/179 (3469)
PTTGC,±3.1%,3,4,++,2_Days_Up,Trend,🔴 DOWN,22%,5/22 (3469)
PTTGC,±3.1%,3,4,+-,2D_Reversal_Down,Reversal,🔴 DOWN,61%,11/18 (3469)
PTTGC,±3.1%,3,4,-+,2D_Reversal_Up,Reversal,🔴 DOWN,35%,7/20 (3469)
PTTGC,±3.1%,3,4,--,2_Days_Down,Trend,🔴 DOWN,33%,5/15 (3469)
PTTGC,±3.1%,3,4,+++,3_Days_Up,Trend,🔴 DOWN,0%,0/2 (3469)
PTTGC,±3.1%,3,4,++-,3D_Reversal_Down,Reversal,🔴 DOWN,60%,3/5 (3469)
PTTGC,±3.1%,3,4,+--,3D_Reversal_Down,Reversal,🟢 UP,100%,2/2 (3469)
PTTGC,±3.1%,3,4,-++,3D_Reversal_Up,Reversal,🔴 DOWN,0%,0/3 (3469)
PTTGC,±3.1%,3,4,-+-,3D_Mixed_-+-,Mixed,🟢 UP,100%,2/2 (3469)
PTTGC,±3.1%,3,4,--+,3D_Reversal_Up,Reversal,🟢 UP,50%,2/4 (3469)
PTTGC,±3.1%,3,4,---,3_Days_Down,Trend,🟢 UP,50%,2/4 (3469)
PTTGC,±3.1%,3,4,+++-,4D_Reversal_Down,Reversal,🔴 DOWN,0%,0/1 (3469)
PTTGC,±3.1%,3,4,+--+,4D_Mixed_+--+,Mixed,🟢 UP,100%,2/2 (3469)
PTTGC,±3.1%,3,4,--++,4D_Reversal_Up,Reversal,🔴 DOWN,0%,0/2 (3469)
PTTGC,±3.1%,3,4,---+,4D_Reversal_Up,Reversal,🔴 DOWN,0%,0/1 (3469)
PTTGC,±3.1%,3,4,----,4_Days_Down,Trend,🔴 DOWN,0%,0/1 (3469)
RATCH,±1.4%,3,4,+,1_Days_Up,Trend,🔴 DOWN,33%,181/548 (5000)
RATCH,±1.4%,3,4,-,1_Days_Down,Trend,🟢 UP,47%,246/523 (5000)
RATCH,±1.4%,3,4,++,2_Days_Up,Trend,🔴 DOWN,35%,27/76 (5000)
RATCH,±1.4%,3,4,+-,2D_Reversal_Down,Reversal,🟢 UP,47%,51/108 (5000)
RATCH,±1.4%,3,4,-+,2D_Reversal_Up,Reversal,🟢 UP,37%,37/99 (5000)
RATCH,±1.4%,3,4,--,2_Days_Down,Trend,🟢 UP,44%,31/69 (5000)
RATCH,±1.4%,3,4,+++,3_Days_Up,Trend,🔴 DOWN,7%,1/13 (5000)
RATCH,±1.4%,3,4,++-,3D_Reversal_Down,Reversal,🟢 UP,40%,10/25 (5000)
RATCH,±1.4%,3,4,+-+,3D_Mixed_+-+,Mixed,🟢 UP,52%,13/25 (5000)
RATCH,±1.4%,3,4,+--,3D_Reversal_Down,Reversal,🟢 UP,46%,6/13 (5000)
RATCH,±1.4%,3,4,-++,3D_Reversal_Up,Reversal,🔴 DOWN,38%,7/18 (5000)
RATCH,±1.4%,3,4,-+-,3D_Mixed_-+-,Mixed,🟢 UP,50%,8/16 (5000)
RATCH,±1.4%,3,4,--+,3D_Reversal_Up,Reversal,🔴 DOWN,38%,8/21 (5000)
RATCH,±1.4%,3,4,---,3_Days_Down,Trend,🟢 UP,60%,6/10 (5000)
RATCH,±1.4%,3,4,+++-,4D_Reversal_Down,Reversal,🟢 UP,80%,4/5 (5000)
RATCH,±1.4%,3,4,++-+,4D_Mixed_++-+,Mixed,🟢 UP,75%,6/8 (5000)
RATCH,±1.4%,3,4,++--,4D_Reversal_Down,Reversal,🟢 UP,66%,4/6 (5000)
RATCH,±1.4%,3,4,+-++,4D_Mixed_+-++,Mixed,🟢 UP,57%,4/7 (5000)
RATCH,±1.4%,3,4,+-+-,4D_Reversal_Down,Reversal,🟢 UP,100%,3/3 (5000)
RATCH,±1.4%,3,4,+--+,4D_Mixed_+--+,Mixed,🔴 DOWN,20%,1/5 (5000)
RATCH,±1.4%,3,4,+---,4D_Reversal_Down,Reversal,🟢 UP,66%,2/3 (5000)
RATCH,±1.4%,3,4,-+++,4D_Reversal_Up,Reversal,🔴 DOWN,0%,0/2 (5000)
RATCH,±1.4%,3,4,-++-,4D_Mixed_-++-,Mixed,🔴 DOWN,16%,1/6 (5000)
RATCH,±1.4%,3,4,-+-+,4D_Reversal_Up,Reversal,🟢 UP,80%,4/5 (5000)
RATCH,±1.4%,3,4,-+--,4D_Mixed_-+--,Mixed,🔴 DOWN,33%,1/3 (5000)
RATCH,±1.4%,3,4,--++,4D_Reversal_Up,Reversal,🔴 DOWN,0%,0/3 (5000)
RATCH,±1.4%,3,4,--+-,4D_Mixed_--+-,Mixed,🟢 UP,75%,3/4 (5000)
RATCH,±1.4%,3,4,---+,4D_Reversal_Up,Reversal,🟢 UP,66%,4/6 (5000)
RATCH,±1.4%,3,4,----,4_Days_Down,Trend,🟢 UP,100%,1/1 (5000)
SAWAD,±3.9%,5,3,+,1_Days_Up,Trend,🟢 UP,41%,79/191 (2848)
SAWAD,±3.9%,5,3,-,1_Days_Down,Trend,🟢 UP,50%,63/125 (2848)
SAWAD,±3.9%,5,3,++,2_Days_Up,Trend,🔴 DOWN,38%,10/26 (2848)
SAWAD,±3.9%,5,3,+-,2D_Reversal_Down,Reversal,🔴 DOWN,38%,5/13 (2848)
SAWAD,±3.9%,5,3,-+,2D_Reversal_Up,Reversal,🔴 DOWN,42%,9/21 (2848)
SAWAD,±3.9%,5,3,--,2_Days_Down,Trend,🔴 DOWN,46%,6/13 (2848)
SAWAD,±3.9%,5,3,+++,3_Days_Up,Trend,🟢 UP,66%,2/3 (2848)
SAWAD,±3.9%,5,3,++-,3D_Reversal_Down,Reversal,🟢 UP,50%,1/2 (2848)
SAWAD,±3.9%,5,3,+-+,3D_Mixed_+-+,Mixed,🔴 DOWN,33%,1/3 (2848)
SAWAD,±3.9%,5,3,+--,3D_Reversal_Down,Reversal,🔴 DOWN,25%,1/4 (2848)
SAWAD,±3.9%,5,3,-++,3D_Reversal_Up,Reversal,🟢 UP,33%,1/3 (2848)
SAWAD,±3.9%,5,3,-+-,3D_Mixed_-+-,Mixed,🔴 DOWN,50%,2/4 (2848)
SAWAD,±3.9%,5,3,--+,3D_Reversal_Up,Reversal,🔴 DOWN,66%,2/3 (2848)
SAWAD,±3.9%,5,3,---,3_Days_Down,Trend,🟢 UP,100%,1/1 (2848)
SAWAD,±3.9%,5,3,++++,4_Days_Up,Trend,🔴 DOWN,50%,1/2 (2848)
SAWAD,±3.9%,5,3,+++-,4D_Reversal_Down,Reversal,🔴 DOWN,0%,0/1 (2848)
SAWAD,±3.9%,5,3,++-+,4D_Mixed_++-+,Mixed,🔴 DOWN,0%,0/1 (2848)
SAWAD,±3.9%,5,3,+-++,4D_Mixed_+-++,Mixed,🟢 UP,100%,1/1 (2848)
SAWAD,±3.9%,5,3,+-+-,4D_Reversal_Down,Reversal,🟢 UP,100%,2/2 (2848)
SAWAD,±3.9%,5,3,-+++,4D_Reversal_Up,Reversal,🟢 UP,100%,1/1 (2848)
SAWAD,±3.9%,5,3,-+-+,4D_Reversal_Up,Reversal,🟢 UP,50%,1/2 (2848)
SAWAD,±3.9%,5,3,-+--,4D_Mixed_-+--,Mixed,🔴 DOWN,50%,1/2 (2848)
SAWAD,±3.9%,5,3,--+-,4D_Mixed_--+-,Mixed,🔴 DOWN,0%,0/1 (2848)
SAWAD,±3.9%,5,3,---+,4D_Reversal_Up,Reversal,🟢 UP,100%,1/1 (2848)
SAWAD,±3.9%,5,3,+++++,Streak_Up_5,Breakout,🔴 DOWN,0%,0/1 (2848)
SCB,±1.0%,8,5,+,1_Days_Up,Trend,🟢 UP,43%,485/1103 (5000)
SCB,±1.0%,8,5,-,1_Days_Down,Trend,🔴 DOWN,44%,484/1092 (5000)
SCB,±1.0%,8,5,++,2_Days_Up,Trend,🟢 UP,45%,128/283 (5000)
SCB,±1.0%,8,5,+-,2D_Reversal_Down,Reversal,🔴 DOWN,39%,98/248 (5000)
SCB,±1.0%,8,5,-+,2D_Reversal_Up,Reversal,🟢 UP,50%,144/288 (5000)
SCB,±1.0%,8,5,--,2_Days_Down,Trend,🟢 UP,47%,144/306 (5000)
SCB,±1.0%,8,5,+++,3_Days_Up,Trend,🟢 UP,46%,39/84 (5000)
SCB,±1.0%,8,5,++-,3D_Reversal_Down,Reversal,🔴 DOWN,39%,31/79 (5000)
SCB,±1.0%,8,5,+-+,3D_Mixed_+-+,Mixed,🟢 UP,58%,35/60 (5000)
SCB,±1.0%,8,5,+--,3D_Reversal_Down,Reversal,🔴 DOWN,44%,35/78 (5000)
SCB,±1.0%,8,5,-++,3D_Reversal_Up,Reversal,🟢 UP,37%,30/80 (5000)
SCB,±1.0%,8,5,-+-,3D_Mixed_-+-,Mixed,🟢 UP,50%,34/67 (5000)
SCB,±1.0%,8,5,--+,3D_Reversal_Up,Reversal,🟢 UP,47%,46/96 (5000)
SCB,±1.0%,8,5,---,3_Days_Down,Trend,🟢 UP,55%,49/89 (5000)
SCB,±1.0%,8,5,++++,4_Days_Up,Trend,🟢 UP,46%,12/26 (5000)
SCB,±1.0%,8,5,+++-,4D_Reversal_Down,Reversal,🔴 DOWN,43%,10/23 (5000)
SCB,±1.0%,8,5,++-+,4D_Mixed_++-+,Mixed,🔴 DOWN,45%,9/20 (5000)
SCB,±1.0%,8,5,++--,4D_Reversal_Down,Reversal,🔴 DOWN,33%,10/30 (5000)
SCB,±1.0%,8,5,+-++,4D_Mixed_+-++,Mixed,🟢 UP,42%,8/19 (5000)
SCB,±1.0%,8,5,+-+-,4D_Reversal_Down,Reversal,🟢 UP,46%,6/13 (5000)
SCB,±1.0%,8,5,+--+,4D_Mixed_+--+,Mixed,🟢 UP,66%,14/21 (5000)
SCB,±1.0%,8,5,+---,4D_Reversal_Down,Reversal,🟢 UP,54%,13/24 (5000)
SCB,±1.0%,8,5,-+++,4D_Reversal_Up,Reversal,🟢 UP,43%,10/23 (5000)
SCB,±1.0%,8,5,-++-,4D_Mixed_-++-,Mixed,🔴 DOWN,36%,11/30 (5000)
SCB,±1.0%,8,5,-+-+,4D_Reversal_Up,Reversal,🟢 UP,75%,15/20 (5000)
SCB,±1.0%,8,5,-+--,4D_Mixed_-+--,Mixed,🟢 UP,57%,8/14 (5000)
SCB,±1.0%,8,5,--++,4D_Reversal_Up,Reversal,🟢 UP,33%,10/30 (5000)
SCB,±1.0%,8,5,--+-,4D_Mixed_--+-,Mixed,🟢 UP,51%,15/29 (5000)
SCB,±1.0%,8,5,---+,4D_Reversal_Up,Reversal,🟢 UP,41%,15/36 (5000)
SCB,±1.0%,8,5,----,4_Days_Down,Trend,🟢 UP,63%,14/22 (5000)
SCB,±1.0%,8,5,+++++,Streak_Up_5,Breakout,🟢 UP,66%,6/9 (5000)
SCB,±1.0%,8,5,-----,Streak_Down_5,Breakout,🟢 UP,75%,3/4 (5000)
SCB,±1.0%,8,5,++++++,Streak_Up_6,Breakout,🟢 UP,60%,3/5 (5000)
SCB,±1.0%,8,5,+++++++,Streak_Up_7,Breakout,🔴 DOWN,33%,1/3 (5000)
SCB,±1.0%,8,5,++++++++,Streak_Up_8,Breakout,🔴 DOWN,0%,0/1 (5000)
SCC,±2.5%,4,3,+,1_Days_Up,Trend,🟢 UP,42%,103/245 (5000)
SCC,±2.5%,4,3,-,1_Days_Down,Trend,🟢 UP,49%,110/224 (5000)
SCC,±2.5%,4,3,++,2_Days_Up,Trend,🔴 DOWN,34%,13/38 (5000)
SCC,±2.5%,4,3,+-,2D_Reversal_Down,Reversal,🟢 UP,36%,7/19 (5000)
SCC,±2.5%,4,3,-+,2D_Reversal_Up,Reversal,🔴 DOWN,31%,7/22 (5000)
SCC,±2.5%,4,3,--,2_Days_Down,Trend,🟢 UP,56%,13/23 (5000)
SCC,±2.5%,4,3,+++,3_Days_Up,Trend,🟢 UP,50%,2/4 (5000)
SCC,±2.5%,4,3,++-,3D_Reversal_Down,Reversal,🟢 UP,50%,3/6 (5000)
SCC,±2.5%,4,3,+-+,3D_Mixed_+-+,Mixed,🔴 DOWN,50%,1/2 (5000)
SCC,±2.5%,4,3,+--,3D_Reversal_Down,Reversal,🔴 DOWN,0%,0/1 (5000)
SCC,±2.5%,4,3,-++,3D_Reversal_Up,Reversal,🔴 DOWN,0%,0/3 (5000)
SCC,±2.5%,4,3,-+-,3D_Mixed_-+-,Mixed,🔴 DOWN,0%,0/3 (5000)
SCC,±2.5%,4,3,--+,3D_Reversal_Up,Reversal,🟢 UP,33%,1/3 (5000)
SCC,±2.5%,4,3,---,3_Days_Down,Trend,🟢 UP,50%,1/2 (5000)
SCC,±2.5%,4,3,++++,4_Days_Up,Trend,🟢 UP,100%,1/1 (5000)
SCC,±2.5%,4,3,++-+,4D_Mixed_++-+,Mixed,🟢 UP,100%,1/1 (5000)
SCC,±2.5%,4,3,+-+-,4D_Reversal_Down,Reversal,🔴 DOWN,0%,0/1 (5000)
SCC,±2.5%,4,3,-++-,4D_Mixed_-++-,Mixed,🟢 UP,100%,2/2 (5000)
SCC,±2.5%,4,3,--++,4D_Reversal_Up,Reversal,🔴 DOWN,0%,0/1 (5000)
SCC,±2.5%,4,3,--+-,4D_Mixed_--+-,Mixed,🔴 DOWN,0%,0/1 (5000)
SCC,±2.5%,4,3,---+,4D_Reversal_Up,Reversal,🔴 DOWN,0%,0/1 (5000)
SCGP,±3.2%,2,2,+,1_Days_Up,Trend,🔴 DOWN,36%,31/84 (1272)
SCGP,±3.2%,2,2,-,1_Days_Down,Trend,🟢 UP,38%,28/72 (1272)
SCGP,±3.2%,2,2,++,2_Days_Up,Trend,🔴 DOWN,16%,1/6 (1272)
SCGP,±3.2%,2,2,+-,2D_Reversal_Down,Reversal,🔴 DOWN,25%,2/8 (1272)
SCGP,±3.2%,2,2,-+,2D_Reversal_Up,Reversal,🔴 DOWN,0%,0/8 (1272)
SCGP,±3.2%,2,2,--,2_Days_Down,Trend,🟢 UP,16%,1/6 (1272)
SCGP,±3.2%,2,2,++-,3D_Reversal_Down,Reversal,🔴 DOWN,0%,0/2 (1272)
SCGP,±3.2%,2,2,+-+,3D_Mixed_+-+,Mixed,⚪ SIDE,0%,0/1 (1272)
SCGP,±3.2%,2,2,+--,3D_Reversal_Down,Reversal,⚪ SIDE,0%,0/2 (1272)
SCGP,±3.2%,2,2,-+-,3D_Mixed_-+-,Mixed,🔴 DOWN,0%,0/1 (1272)
SCGP,±3.2%,2,2,--+,3D_Reversal_Up,Reversal,⚪ SIDE,0%,0/1 (1272)
STA,±2.4%,6,5,+,1_Days_Up,Trend,🟢 UP,38%,254/652 (5000)
STA,±2.4%,6,5,-,1_Days_Down,Trend,🔴 DOWN,46%,262/567 (5000)
STA,±2.4%,6,5,++,2_Days_Up,Trend,🟢 UP,40%,51/126 (5000)
STA,±2.4%,6,5,+-,2D_Reversal_Down,Reversal,🔴 DOWN,46%,51/109 (5000)
STA,±2.4%,6,5,-+,2D_Reversal_Up,Reversal,🔴 DOWN,42%,38/89 (5000)
STA,±2.4%,6,5,--,2_Days_Down,Trend,🟢 UP,47%,44/93 (5000)
STA,±2.4%,6,5,+++,3_Days_Up,Trend,🟢 UP,50%,16/32 (5000)
STA,±2.4%,6,5,++-,3D_Reversal_Down,Reversal,🔴 DOWN,37%,9/24 (5000)
STA,±2.4%,6,5,+-+,3D_Mixed_+-+,Mixed,🟢 UP,36%,7/19 (5000)
STA,±2.4%,6,5,+--,3D_Reversal_Down,Reversal,🟢 UP,44%,8/18 (5000)
STA,±2.4%,6,5,-++,3D_Reversal_Up,Reversal,🟢 UP,57%,8/14 (5000)
STA,±2.4%,6,5,-+-,3D_Mixed_-+-,Mixed,🟢 UP,66%,12/18 (5000)
STA,±2.4%,6,5,--+,3D_Reversal_Up,Reversal,🔴 DOWN,45%,9/20 (5000)
STA,±2.4%,6,5,---,3_Days_Down,Trend,🔴 DOWN,50%,9/18 (5000)
STA,±2.4%,6,5,++++,4_Days_Up,Trend,🟢 UP,27%,3/11 (5000)
STA,±2.4%,6,5,+++-,4D_Reversal_Down,Reversal,🔴 DOWN,60%,3/5 (5000)
STA,±2.4%,6,5,++-+,4D_Mixed_++-+,Mixed,🟢 UP,50%,2/4 (5000)
STA,±2.4%,6,5,++--,4D_Reversal_Down,Reversal,🟢 UP,50%,3/6 (5000)
STA,±2.4%,6,5,+-++,4D_Mixed_+-++,Mixed,🟢 UP,50%,2/4 (5000)
STA,±2.4%,6,5,+-+-,4D_Reversal_Down,Reversal,🔴 DOWN,66%,2/3 (5000)
STA,±2.4%,6,5,+--+,4D_Mixed_+--+,Mixed,🔴 DOWN,33%,2/6 (5000)
STA,±2.4%,6,5,+---,4D_Reversal_Down,Reversal,🔴 DOWN,40%,2/5 (5000)
STA,±2.4%,6,5,-+++,4D_Reversal_Up,Reversal,🔴 DOWN,40%,2/5 (5000)
STA,±2.4%,6,5,-++-,4D_Mixed_-++-,Mixed,🔴 DOWN,0%,0/1 (5000)
STA,±2.4%,6,5,-+-+,4D_Reversal_Up,Reversal,🔴 DOWN,20%,1/5 (5000)
STA,±2.4%,6,5,-+--,4D_Mixed_-+--,Mixed,🔴 DOWN,25%,1/4 (5000)
STA,±2.4%,6,5,--++,4D_Reversal_Up,Reversal,🟢 UP,75%,3/4 (5000)
STA,±2.4%,6,5,--+-,4D_Mixed_--+-,Mixed,🟢 UP,83%,5/6 (5000)
STA,±2.4%,6,5,---+,4D_Reversal_Up,Reversal,🔴 DOWN,33%,2/6 (5000)
STA,±2.4%,6,5,----,4_Days_Down,Trend,🔴 DOWN,60%,3/5 (5000)
STA,±2.4%,6,5,+++++,Streak_Up_5,Breakout,🔴 DOWN,33%,1/3 (5000)
STA,±2.4%,6,5,-----,Streak_Down_5,Breakout,🟢 UP,100%,2/2 (5000)
STA,±2.4%,6,5,++++++,Streak_Up_6,Breakout,🔴 DOWN,0%,0/1 (5000)
STGT,±2.3%,4,4,+,1_Days_Up,Trend,🟢 UP,39%,72/181 (1345)
STGT,±2.3%,4,4,-,1_Days_Down,Trend,🔴 DOWN,40%,85/208 (1345)
STGT,±2.3%,4,4,++,2_Days_Up,Trend,🔴 DOWN,35%,11/31 (1345)
STGT,±2.3%,4,4,+-,2D_Reversal_Down,Reversal,🟢 UP,42%,12/28 (1345)
STGT,±2.3%,4,4,-+,2D_Reversal_Up,Reversal,🟢 UP,34%,12/35 (1345)
STGT,±2.3%,4,4,--,2_Days_Down,Trend,🟢 UP,45%,18/40 (1345)
STGT,±2.3%,4,4,+++,3_Days_Up,Trend,🟢 UP,75%,3/4 (1345)
STGT,±2.3%,4,4,++-,3D_Reversal_Down,Reversal,🔴 DOWN,50%,2/4 (1345)
STGT,±2.3%,4,4,+-+,3D_Mixed_+-+,Mixed,🟢 UP,25%,1/4 (1345)
STGT,±2.3%,4,4,+--,3D_Reversal_Down,Reversal,🔴 DOWN,0%,0/1 (1345)
STGT,±2.3%,4,4,-++,3D_Reversal_Up,Reversal,🟢 UP,55%,5/9 (1345)
STGT,±2.3%,4,4,-+-,3D_Mixed_-+-,Mixed,🟢 UP,42%,3/7 (1345)
STGT,±2.3%,4,4,--+,3D_Reversal_Up,Reversal,🟢 UP,36%,4/11 (1345)
STGT,±2.3%,4,4,---,3_Days_Down,Trend,🟢 UP,50%,4/8 (1345)
STGT,±2.3%,4,4,++++,4_Days_Up,Trend,🟢 UP,100%,1/1 (1345)
STGT,±2.3%,4,4,++--,4D_Reversal_Down,Reversal,🔴 DOWN,0%,0/1 (1345)
STGT,±2.3%,4,4,+-++,4D_Mixed_+-++,Mixed,🟢 UP,100%,1/1 (1345)
STGT,±2.3%,4,4,-+++,4D_Reversal_Up,Reversal,🟢 UP,50%,1/2 (1345)
STGT,±2.3%,4,4,-++-,4D_Mixed_-++-,Mixed,🔴 DOWN,0%,0/1 (1345)
STGT,±2.3%,4,4,-+-+,4D_Reversal_Up,Reversal,🔴 DOWN,0%,0/1 (1345)
STGT,±2.3%,4,4,--++,4D_Reversal_Up,Reversal,🔴 DOWN,66%,2/3 (1345)
STGT,±2.3%,4,4,--+-,4D_Mixed_--+-,Mixed,🟢 UP,50%,1/2 (1345)
STGT,±2.3%,4,4,---+,4D_Reversal_Up,Reversal,🟢 UP,50%,1/2 (1345)
STGT,±2.3%,4,4,----,4_Days_Down,Trend,🟢 UP,66%,2/3 (1345)
