symbol,group,Group,Country,Raw_Count,Raw_Prob%,Elite_Count,Elite_Prob%,RR_Ratio,AvgWin%,AvgLoss%,Prob%,Count_Used,RVol_Avg,High_Vol_Count,High_Vol_Prob%,Vol_Adj_Prob%,Count
ENPH,GROUP_B_US,GROUP_B_US,US,177,78.0,14,71.4,1.61,5.88,3.65,78.0,177,1.26,35,65.7,78.0,177
SSP,GROUP_A_THAI,GROUP_A_THAI,TH,26,76.9,26,76.9,0.95,2.93,3.08,76.9,26,1.15,5,40.0,76.9,26
LCID,GROUP_B_US,GROUP_B_US,US,99,76.8,2,100.0,0.48,5.12,10.71,76.8,99,1.35,18,22.2,76.8,99
VIPS,GROUP_C_CHINA_HK,GROUP_C_CHINA_HK,CN,76,76.3,33,87.9,1.11,3.79,3.4,76.3,76,1.68,20,50.0,76.3,76
MRNA,GROUP_B_US,GROUP_B_US,US,104,75.0,83,77.1,1.23,3.56,2.91,75.0,104,1.4,29,41.4,75.0,104
AMD,GROUP_B_US,GROUP_B_US,US,157,74.5,82,80.5,1.06,3.09,2.9,74.5,157,1.19,18,33.3,74.5,157
WBD,GROUP_B_US,GROUP_B_US,US,62,74.2,41,70.7,1.17,3.46,2.97,74.2,62,1.59,19,57.9,74.2,62
PCAR,GROUP_B_US,GROUP_B_US,US,67,73.1,53,75.5,0.69,1.8,2.62,73.1,67,1.46,17,64.7,73.1,67
MNST,GROUP_B_US,GROUP_B_US,US,51,72.5,32,65.6,1.06,1.94,1.83,72.5,51,1.6,18,27.8,72.5,51
TIDLOR,GROUP_A_THAI,GROUP_A_THAI,TH,18,72.2,4,25.0,2.62,9.03,3.44,72.2,18,0.6,1,0.0,72.2,18
DXCM,GROUP_B_US,GROUP_B_US,US,177,71.2,37,75.7,1.31,3.72,2.85,71.2,177,1.47,34,61.8,71.2,177
TSLA,GROUP_B_US,GROUP_B_US,US,345,70.7,54,77.8,0.68,2.84,4.19,70.7,345,1.11,38,89.5,89.5,345
MSFT,GROUP_B_US,GROUP_B_US,US,30,70.0,29,69.0,1.02,2.52,2.47,70.0,30,1.44,7,71.4,71.4,30
LRCX,GROUP_B_US,GROUP_B_US,US,105,69.5,72,75.0,1.25,3.44,2.75,69.5,105,1.44,26,65.4,69.5,105
PANW,GROUP_B_US,GROUP_B_US,US,155,68.4,136,70.6,0.98,2.34,2.39,68.4,155,1.37,32,46.9,68.4,155
KLAC,GROUP_B_US,GROUP_B_US,US,66,68.2,60,68.3,1.14,2.55,2.23,68.2,66,1.42,16,50.0,68.2,66
TAL,GROUP_C_CHINA_HK,GROUP_C_CHINA_HK,CN,263,68.1,136,64.7,0.97,3.56,3.67,68.1,263,1.35,67,59.7,68.1,263
ZM,GROUP_B_US,GROUP_B_US,US,28,67.9,16,68.8,0.87,2.21,2.54,67.9,28,1.68,5,40.0,67.9,28
MELI,GROUP_B_US,GROUP_B_US,US,325,67.7,277,69.0,0.97,2.71,2.81,67.7,325,1.22,55,69.1,69.1,325
META,GROUP_B_US,GROUP_B_US,US,160,66.9,100,68.0,1.0,2.54,2.54,66.9,160,1.31,32,65.6,66.9,160
TXN,GROUP_B_US,GROUP_B_US,US,60,66.7,30,86.7,1.45,3.46,2.38,66.7,60,1.4,17,76.5,76.5,60
MU,GROUP_B_US,GROUP_B_US,US,327,66.7,55,78.2,1.18,3.03,2.57,66.7,327,1.22,57,36.8,66.7,327
ZTO,GROUP_C_CHINA_HK,GROUP_C_CHINA_HK,CN,27,66.7,12,66.7,0.95,3.21,3.37,66.7,27,1.78,13,61.5,66.7,27
9866,GROUP_C_CHINA_HK,GROUP_C_CHINA_HK,CN,3,66.7,0,0.0,0.37,1.7,4.63,66.7,3,1.15,0,0.0,66.7,3
3008,GROUP_D_TAIWAN,GROUP_D_TAIWAN,TW,516,66.5,510,66.3,1.04,2.37,2.28,66.5,516,1.25,127,57.5,66.5,516
GOOG,GROUP_B_US,GROUP_B_US,US,106,66.0,71,63.4,1.11,2.14,1.92,66.0,106,1.29,27,70.4,70.4,106
ROKU,GROUP_B_US,GROUP_B_US,US,172,65.1,81,63.0,1.11,3.79,3.43,65.1,172,1.38,47,48.9,65.1,172
CSCO,GROUP_B_US,GROUP_B_US,US,80,65.0,28,64.3,1.25,2.56,2.05,65.0,80,1.36,19,63.2,65.0,80
BKNG,GROUP_B_US,GROUP_B_US,US,214,65.0,75,68.0,1.01,2.31,2.3,65.0,214,1.33,42,61.9,65.0,214
NVDA,GROUP_B_US,GROUP_B_US,US,100,65.0,73,69.9,0.8,2.6,3.24,65.0,100,1.44,30,60.0,65.0,100
ILMN,GROUP_B_US,GROUP_B_US,US,328,64.9,68,61.8,1.0,2.84,2.84,64.9,328,1.22,57,59.6,64.9,328
ZS,GROUP_B_US,GROUP_B_US,US,172,64.0,28,67.9,0.61,2.81,4.61,64.0,172,1.28,36,63.9,64.0,172
RIVN,GROUP_B_US,GROUP_B_US,US,99,63.6,97,62.9,1.23,3.83,3.12,63.6,99,1.25,17,52.9,63.6,99
INTU,GROUP_B_US,GROUP_B_US,US,132,63.6,83,66.3,1.09,2.35,2.17,63.6,132,1.3,29,55.2,63.6,132
HTHT,GROUP_C_CHINA_HK,GROUP_C_CHINA_HK,CN,365,63.6,51,70.6,0.98,2.72,2.77,63.6,365,1.34,88,59.1,63.6,365
CRWD,GROUP_B_US,GROUP_B_US,US,224,63.4,64,62.5,0.93,2.47,2.65,63.4,224,1.26,37,45.9,63.4,224
ADSK,GROUP_B_US,GROUP_B_US,US,278,63.3,62,59.7,0.98,1.9,1.94,63.3,278,1.31,55,54.5,63.3,278
EDU,GROUP_C_CHINA_HK,GROUP_C_CHINA_HK,CN,179,63.1,67,58.2,1.08,3.43,3.19,63.1,179,1.61,66,57.6,63.1,179
ROST,GROUP_B_US,GROUP_B_US,US,78,62.8,53,54.7,1.47,2.38,1.62,62.8,78,1.55,22,72.7,72.7,78
ATVI,GROUP_B_US,GROUP_B_US,US,361,62.6,33,72.7,0.99,1.94,1.95,62.6,361,1.26,49,59.2,62.6,361
TCOM,GROUP_C_CHINA_HK,GROUP_C_CHINA_HK,CN,171,62.6,57,66.7,0.86,2.67,3.1,62.6,171,1.42,45,51.1,62.6,171
INTC,GROUP_B_US,GROUP_B_US,US,40,62.5,30,63.3,0.9,2.36,2.63,62.5,40,1.64,16,56.2,62.5,40
ADP,GROUP_B_US,GROUP_B_US,US,109,62.4,43,79.1,1.19,2.15,1.81,62.4,109,1.35,27,66.7,66.7,109
BIDU,GROUP_B_US,GROUP_B_US,US,277,62.1,91,64.8,1.26,2.85,2.26,62.1,277,1.48,80,55.0,62.1,277
TEAM,GROUP_B_US,GROUP_B_US,US,163,62.0,18,83.3,0.41,2.57,6.23,62.0,163,1.21,29,62.1,62.1,163
NXPI,GROUP_B_US,GROUP_B_US,US,120,61.7,93,61.3,0.94,2.35,2.51,61.7,120,1.29,27,51.9,61.7,120
CDNS,GROUP_B_US,GROUP_B_US,US,162,61.7,120,60.0,0.89,1.95,2.19,61.7,162,1.23,34,47.1,61.7,162
DLTR,GROUP_B_US,GROUP_B_US,US,169,61.5,18,66.7,1.24,3.54,2.86,61.5,169,1.71,55,47.3,61.5,169
2382,GROUP_D_TAIWAN,GROUP_D_TAIWAN,TW,197,61.4,132,65.2,1.28,1.92,1.5,61.4,197,1.12,40,47.5,61.4,197
SNPS,GROUP_B_US,GROUP_B_US,US,191,61.3,71,56.3,0.92,1.79,1.93,61.3,191,1.38,34,52.9,61.3,191
CHTR,GROUP_B_US,GROUP_B_US,US,182,61.0,46,67.4,0.91,2.5,2.74,61.0,182,1.36,40,52.5,61.0,182
LULU,GROUP_B_US,GROUP_B_US,US,256,60.9,128,64.1,1.06,2.37,2.24,60.9,256,1.43,61,49.2,60.9,256
IDXX,GROUP_B_US,GROUP_B_US,US,122,60.7,55,60.0,1.11,2.29,2.06,60.7,122,1.34,25,36.0,60.7,122
NTES,GROUP_B_US,GROUP_B_US,US,393,60.3,33,81.8,1.4,3.8,2.71,60.3,393,1.3,86,50.0,60.3,393
NTES,GROUP_C_CHINA_HK,GROUP_C_CHINA_HK,CN,393,60.3,33,81.8,1.03,2.36,2.29,60.3,393,1.3,86,50.0,60.3,393
PYPL,GROUP_B_US,GROUP_B_US,US,249,60.2,58,63.8,0.98,2.53,2.59,60.2,249,1.3,41,51.2,60.2,249
AMZN,GROUP_B_US,GROUP_B_US,US,83,60.2,43,58.1,0.79,1.97,2.5,60.2,83,1.26,17,41.2,60.2,83
2454,GROUP_D_TAIWAN,GROUP_D_TAIWAN,TW,546,60.1,114,56.1,0.98,2.24,2.29,60.1,546,1.16,107,54.2,60.1,546
AMAT,GROUP_B_US,GROUP_B_US,US,271,60.1,14,71.4,0.78,2.96,3.77,60.1,271,1.23,54,55.6,60.1,271
SPRC,GROUP_A_THAI,GROUP_A_THAI,TH,10,60.0,0,0.0,1.44,5.1,3.54,60.0,10,1.19,3,0.0,60.0,10
AVGO,GROUP_B_US,GROUP_B_US,US,417,60.0,91,63.7,1.01,2.06,2.04,60.0,417,1.23,72,54.2,60.0,417
ADI,GROUP_B_US,GROUP_B_US,US,72,59.7,32,59.4,1.54,3.23,2.1,59.7,72,1.29,16,62.5,62.5,72
ODFL,GROUP_B_US,GROUP_B_US,US,243,59.7,26,65.4,1.08,2.89,2.68,59.7,243,1.17,37,62.2,62.2,243
2303,GROUP_D_TAIWAN,GROUP_D_TAIWAN,TW,354,59.6,288,59.4,1.05,1.95,1.85,59.6,354,1.28,86,45.3,59.6,354
ADBE,GROUP_B_US,GROUP_B_US,US,457,59.5,82,64.6,1.0,2.22,2.22,59.5,457,1.2,66,66.7,66.7,457
THG,GROUP_A_THAI,GROUP_A_THAI,TH,64,59.4,18,72.2,2.36,8.82,3.74,59.4,64,2.28,33,54.5,59.4,64
2395,GROUP_D_TAIWAN,GROUP_D_TAIWAN,TW,987,59.2,408,62.7,1.07,1.87,1.75,59.2,987,1.08,171,55.6,59.2,987
XEL,GROUP_B_US,GROUP_B_US,US,66,59.1,40,65.0,1.18,1.87,1.58,59.1,66,1.35,17,64.7,64.7,66
PDD,GROUP_B_US,GROUP_B_US,US,115,59.1,86,57.0,1.07,3.75,3.49,59.1,115,1.54,42,59.5,59.5,115
PDD,GROUP_C_CHINA_HK,GROUP_C_CHINA_HK,CN,115,59.1,86,57.0,1.07,3.75,3.49,59.1,115,1.54,42,59.5,59.5,115
FAST,GROUP_B_US,GROUP_B_US,US,112,58.9,38,57.9,1.07,1.83,1.71,58.9,112,1.29,19,57.9,58.9,112
REGN,GROUP_B_US,GROUP_B_US,US,386,58.8,33,60.6,1.18,2.48,2.11,58.8,386,1.19,56,58.9,58.9,386
MCHP,GROUP_B_US,GROUP_B_US,US,163,58.3,119,63.9,0.99,2.35,2.37,58.3,163,1.34,34,61.8,61.8,163
DDOG,GROUP_B_US,GROUP_B_US,US,176,58.0,67,59.7,1.22,2.81,2.3,58.0,176,1.27,33,48.5,58.0,176
YUMC,GROUP_C_CHINA_HK,GROUP_C_CHINA_HK,CN,26,57.7,8,87.5,1.14,2.89,2.54,57.7,26,1.56,8,62.5,62.5,26
JD,GROUP_B_US,GROUP_B_US,US,238,57.6,22,68.2,0.8,3.28,4.08,57.6,238,1.34,58,48.3,57.6,238
AAPL,GROUP_B_US,GROUP_B_US,US,610,57.5,511,56.9,1.18,1.72,1.47,57.5,610,1.14,73,58.9,58.9,610
BIIB,GROUP_B_US,GROUP_B_US,US,91,57.1,32,56.2,0.74,2.02,2.71,57.1,91,1.75,27,48.1,57.1,91
BKR,GROUP_B_US,GROUP_B_US,US,79,57.0,46,63.0,1.11,2.83,2.55,57.0,79,1.42,17,41.2,57.0,79
MAR,GROUP_B_US,GROUP_B_US,US,255,56.5,244,56.6,1.33,2.32,1.75,56.5,255,1.25,43,60.5,60.5,255
MRVL,GROUP_B_US,GROUP_B_US,US,262,56.5,53,69.8,0.99,3.07,3.11,56.5,262,1.25,50,46.0,56.5,262
FTNT,GROUP_B_US,GROUP_B_US,US,130,56.2,77,62.3,0.87,2.41,2.76,56.2,130,1.44,35,65.7,65.7,130
ORLY,GROUP_B_US,GROUP_B_US,US,223,56.1,185,54.6,1.14,1.68,1.47,56.1,223,1.18,27,59.3,59.3,223
CSX,GROUP_B_US,GROUP_B_US,US,25,56.0,11,63.6,2.88,3.63,1.26,56.0,25,1.77,9,66.7,66.7,25
2308,GROUP_D_TAIWAN,GROUP_D_TAIWAN,TW,879,55.7,131,57.3,1.23,2.14,1.73,55.7,879,1.09,143,52.4,55.7,879
1211,GROUP_C_CHINA_HK,GROUP_C_CHINA_HK,CN,49,55.1,26,61.5,1.27,6.8,5.34,55.1,49,1.61,15,60.0,60.0,49
2357,GROUP_D_TAIWAN,GROUP_D_TAIWAN,TW,878,55.1,197,60.4,1.15,1.64,1.43,55.1,878,1.07,145,56.6,56.6,878
ISRG,GROUP_B_US,GROUP_B_US,US,320,55.0,195,56.9,1.14,1.93,1.69,55.0,320,1.24,58,53.4,55.0,320
QCOM,GROUP_B_US,GROUP_B_US,US,211,55.0,66,63.6,0.86,2.66,3.07,55.0,211,1.39,51,47.1,55.0,211
2330,GROUP_D_TAIWAN,GROUP_D_TAIWAN,TW,565,54.7,81,55.6,1.64,2.28,1.39,54.7,565,1.12,96,56.2,56.2,565
FISV,GROUP_B_US,GROUP_B_US,US,298,54.7,129,53.5,0.95,1.77,1.86,54.7,298,1.37,48,58.3,58.3,298
AMGN,GROUP_B_US,GROUP_B_US,US,217,54.4,27,55.6,1.4,2.54,1.82,54.4,217,1.25,36,25.0,54.4,217
ASML,GROUP_B_US,GROUP_B_US,US,195,54.4,188,53.7,1.02,2.05,2.01,54.4,195,1.31,43,51.2,54.4,195
AEP,GROUP_B_US,GROUP_B_US,US,140,54.3,75,57.3,1.0,1.46,1.46,54.3,140,1.31,34,44.1,54.3,140
NFLX,GROUP_B_US,GROUP_B_US,US,72,54.2,53,52.8,0.82,2.26,2.75,54.2,72,1.89,19,36.8,54.2,72
GOOGL,GROUP_B_US,GROUP_B_US,US,427,53.9,351,55.0,1.15,1.84,1.59,53.9,427,1.23,77,64.9,64.9,427
TCAP,GROUP_A_THAI,GROUP_A_THAI,TH,41,53.7,8,50.0,2.39,2.79,1.17,53.7,41,1.62,19,47.4,53.7,41
COST,GROUP_B_US,GROUP_B_US,US,88,53.4,46,58.7,0.98,1.49,1.52,53.4,88,1.6,28,39.3,53.4,88
3711,GROUP_D_TAIWAN,GROUP_D_TAIWAN,TW,62,53.2,1,100.0,0.0,0.0,2.91,53.2,62,0.98,7,71.4,71.4,62
CMCSA,GROUP_B_US,GROUP_B_US,US,456,53.1,91,60.4,1.02,1.96,1.93,53.1,456,1.18,68,58.8,58.8,456
PAYX,GROUP_B_US,GROUP_B_US,US,46,52.2,13,53.8,0.69,1.92,2.76,52.2,46,1.55,15,26.7,52.2,46
CTAS,GROUP_B_US,GROUP_B_US,US,102,52.0,41,58.5,1.12,1.98,1.77,52.0,102,1.3,20,55.0,55.0,102
2317,GROUP_D_TAIWAN,GROUP_D_TAIWAN,TW,577,51.8,103,58.3,1.2,1.91,1.59,51.8,577,1.1,96,51.0,51.8,577
VRSK,GROUP_B_US,GROUP_B_US,US,207,51.7,70,48.6,1.44,2.15,1.49,51.7,207,1.26,39,48.7,51.7,207
ABNB,GROUP_B_US,GROUP_B_US,US,35,51.4,14,71.4,0.92,1.91,2.06,51.4,35,1.48,9,33.3,51.4,35
HON,GROUP_B_US,GROUP_B_US,US,317,51.1,90,64.4,1.14,2.01,1.77,51.1,317,1.21,51,64.7,64.7,317
MDLZ,GROUP_B_US,GROUP_B_US,US,102,51.0,65,47.7,1.02,1.58,1.55,51.0,102,1.27,16,75.0,75.0,102
NEX,GROUP_A_THAI,GROUP_A_THAI,TH,149,51.0,0,0.0,0.66,4.36,6.56,51.0,149,1.48,31,54.8,54.8,149
CME,GROUP_B_US,GROUP_B_US,US,264,50.8,40,45.0,1.43,2.29,1.6,50.8,264,1.2,44,56.8,56.8,264
VRTX,GROUP_B_US,GROUP_B_US,US,363,50.4,53,52.8,1.03,1.92,1.87,50.4,363,1.21,51,45.1,50.4,363
GPSC,GROUP_A_THAI,GROUP_A_THAI,TH,10,50.0,3,66.7,7.68,7.02,0.91,50.0,10,1.02,2,0.0,50.0,10
GLOBAL,GROUP_A_THAI,GROUP_A_THAI,TH,24,50.0,0,0.0,2.02,5.14,2.54,50.0,24,0.74,3,0.0,50.0,24
FANG,GROUP_B_US,GROUP_B_US,US,68,50.0,60,51.7,0.77,2.44,3.18,50.0,68,1.45,20,35.0,50.0,68
WHAUP,GROUP_A_THAI,GROUP_A_THAI,TH,364,49.2,79,43.0,0.96,2.41,2.51,49.2,364,1.05,69,52.2,52.2,364
OR,GROUP_A_THAI,GROUP_A_THAI,TH,53,49.1,5,20.0,1.95,4.87,2.5,49.1,53,1.19,15,46.7,49.1,53
SBUX,GROUP_B_US,GROUP_B_US,US,212,49.1,156,47.4,1.32,2.0,1.51,49.1,212,1.14,28,46.4,49.1,212
AWC,GROUP_A_THAI,GROUP_A_THAI,TH,103,48.5,10,20.0,0.53,1.38,2.6,48.5,103,0.91,14,42.9,48.5,103
TMUS,GROUP_B_US,GROUP_B_US,US,83,48.2,33,51.5,0.92,1.63,1.77,48.2,83,1.51,24,58.3,58.3,83
KHC,GROUP_B_US,GROUP_B_US,US,234,47.9,41,43.9,1.35,2.04,1.52,47.9,234,1.2,40,42.5,47.9,234
SUPER,GROUP_A_THAI,GROUP_A_THAI,TH,645,47.9,97,55.7,0.95,5.04,5.32,47.9,645,1.19,143,49.7,49.7,645
CPRT,GROUP_B_US,GROUP_B_US,US,242,47.5,78,51.3,1.34,2.19,1.63,47.5,242,1.37,57,49.1,49.1,242
PEP,GROUP_B_US,GROUP_B_US,US,93,47.3,69,50.7,1.1,1.75,1.59,47.3,93,1.24,18,44.4,47.3,93
BYD,GROUP_A_THAI,GROUP_A_THAI,TH,291,47.1,36,27.8,2.53,9.69,3.83,47.1,291,2.78,120,51.7,51.7,291
SIRI,GROUP_B_US,GROUP_B_US,US,68,47.1,59,50.8,0.83,1.87,2.25,47.1,68,1.02,12,58.3,58.3,68
BEM,GROUP_A_THAI,GROUP_A_THAI,TH,83,47.0,20,15.0,0.43,0.98,2.26,47.0,83,0.91,13,38.5,47.0,83
KDP,GROUP_B_US,GROUP_B_US,US,47,46.8,40,45.0,0.74,1.33,1.8,46.8,47,1.48,15,40.0,46.8,47
EXC,GROUP_B_US,GROUP_B_US,US,88,46.6,37,48.6,0.69,1.66,2.42,46.6,88,1.32,21,47.6,47.6,88
GILD,GROUP_B_US,GROUP_B_US,US,56,46.4,33,42.4,1.37,2.42,1.77,46.4,56,1.33,12,41.7,46.4,56
700,GROUP_C_CHINA_HK,GROUP_C_CHINA_HK,CN,313,46.3,30,26.7,1.66,4.61,2.78,46.3,313,1.41,37,54.1,54.1,313
TOA,GROUP_A_THAI,GROUP_A_THAI,TH,76,46.1,31,58.1,1.22,4.74,3.9,46.1,76,1.34,23,47.8,47.8,76
KTC,GROUP_A_THAI,GROUP_A_THAI,TH,83,45.8,27,48.1,2.53,7.92,3.13,45.8,83,2.01,26,61.5,61.5,83
BPP,GROUP_A_THAI,GROUP_A_THAI,TH,79,45.6,19,36.8,0.94,2.36,2.51,45.6,79,0.94,12,58.3,58.3,79
BBL,GROUP_A_THAI,GROUP_A_THAI,TH,235,45.5,0,0.0,1.45,2.82,1.95,45.5,235,1.15,56,41.1,45.5,235
DELTA,GROUP_A_THAI,GROUP_A_THAI,TH,143,45.5,0,0.0,1.42,5.58,3.93,45.5,143,0.89,23,30.4,45.5,143
PSL,GROUP_A_THAI,GROUP_A_THAI,TH,51,45.1,0,0.0,1.72,6.03,3.51,45.1,51,1.07,10,40.0,45.1,51
EA,GROUP_A_THAI,GROUP_A_THAI,TH,282,45.0,77,40.3,2.13,8.5,3.99,45.0,282,1.06,54,37.0,45.0,282
GFS,GROUP_B_US,GROUP_B_US,US,20,45.0,14,57.1,0.66,1.89,2.87,45.0,20,1.23,4,0.0,45.0,20
CBG,GROUP_A_THAI,GROUP_A_THAI,TH,214,44.9,97,48.5,0.78,3.11,3.99,44.9,214,1.19,58,55.2,55.2,214
CPF,GROUP_A_THAI,GROUP_A_THAI,TH,74,44.6,12,41.7,2.8,7.02,2.51,44.6,74,1.21,22,59.1,59.1,74
BDMS,GROUP_A_THAI,GROUP_A_THAI,TH,191,44.5,3,33.3,5.25,2.61,0.5,44.5,191,0.83,21,47.6,47.6,191
CPALL,GROUP_A_THAI,GROUP_A_THAI,TH,127,44.1,109,44.0,1.4,3.15,2.26,44.1,127,1.73,59,40.7,44.1,127
MEGA,GROUP_A_THAI,GROUP_A_THAI,TH,130,43.8,12,50.0,3.42,7.67,2.24,43.8,130,1.5,46,73.9,73.9,130
GFPT,GROUP_A_THAI,GROUP_A_THAI,TH,48,43.8,4,75.0,1.06,7.41,7.0,43.8,48,1.15,12,50.0,50.0,48
ONEE,GROUP_A_THAI,GROUP_A_THAI,TH,117,43.6,117,43.6,0.86,2.99,3.48,43.6,117,1.99,24,75.0,75.0,117
BTS,GROUP_A_THAI,GROUP_A_THAI,TH,113,43.4,0,0.0,0.74,2.04,2.77,43.4,113,1.32,34,58.8,58.8,113
ERW,GROUP_A_THAI,GROUP_A_THAI,TH,212,43.4,40,57.5,0.71,3.25,4.59,43.4,212,1.03,46,56.5,56.5,212
BCH,GROUP_A_THAI,GROUP_A_THAI,TH,91,42.9,57,45.6,1.25,3.83,3.07,42.9,91,1.28,30,43.3,43.3,91
ICHI,GROUP_A_THAI,GROUP_A_THAI,TH,196,42.9,126,37.3,0.91,3.39,3.74,42.9,196,1.49,61,62.3,62.3,196
BANPU,GROUP_A_THAI,GROUP_A_THAI,TH,47,42.6,47,42.6,0.77,3.29,4.25,42.6,47,1.53,20,40.0,42.6,47
BCPG,GROUP_A_THAI,GROUP_A_THAI,TH,94,42.6,20,40.0,0.72,2.84,3.94,42.6,94,1.38,25,72.0,72.0,94
PTG,GROUP_A_THAI,GROUP_A_THAI,TH,66,42.4,0,0.0,1.43,4.23,2.96,42.4,66,1.17,13,46.2,46.2,66
TU,GROUP_A_THAI,GROUP_A_THAI,TH,248,42.3,11,54.5,1.18,2.8,2.38,42.3,248,1.02,44,50.0,50.0,248
LH,GROUP_A_THAI,GROUP_A_THAI,TH,111,42.3,26,61.5,0.95,2.46,2.58,42.3,111,1.17,31,71.0,71.0,111
ADVANC,GROUP_A_THAI,GROUP_A_THAI,TH,585,42.2,85,40.0,1.09,2.53,2.32,42.2,585,0.98,96,53.1,53.1,585
MTC,GROUP_A_THAI,GROUP_A_THAI,TH,57,42.1,7,28.6,1.87,7.37,3.94,42.1,57,0.99,11,45.5,45.5,57
KBANK,GROUP_A_THAI,GROUP_A_THAI,TH,110,41.8,93,43.0,1.88,3.39,1.8,41.8,110,1.62,50,50.0,50.0,110
SCC,GROUP_A_THAI,GROUP_A_THAI,TH,309,41.7,57,43.9,1.08,2.58,2.4,41.7,309,1.1,64,46.9,46.9,309
BH,GROUP_A_THAI,GROUP_A_THAI,TH,317,41.3,0,0.0,1.07,2.88,2.7,41.3,317,1.2,70,48.6,48.6,317
SINGER,GROUP_A_THAI,GROUP_A_THAI,TH,268,41.0,0,0.0,1.3,6.38,4.92,41.0,268,1.3,64,50.0,50.0,268
CHG,GROUP_A_THAI,GROUP_A_THAI,TH,271,41.0,0,0.0,0.95,3.39,3.56,41.0,271,1.13,65,60.0,60.0,271
MAJOR,GROUP_A_THAI,GROUP_A_THAI,TH,193,40.9,48,45.8,0.75,2.47,3.3,40.9,193,1.26,58,67.2,67.2,193
DOHOME,GROUP_A_THAI,GROUP_A_THAI,TH,76,40.8,60,40.0,0.63,3.81,6.09,40.8,76,1.05,16,43.8,43.8,76
COM7,GROUP_A_THAI,GROUP_A_THAI,TH,54,40.7,41,46.3,1.41,4.65,3.31,40.7,54,1.59,26,61.5,61.5,54
HANA,GROUP_A_THAI,GROUP_A_THAI,TH,79,40.5,21,42.9,0.66,3.34,5.07,40.5,79,1.53,31,64.5,64.5,79
3690,GROUP_C_CHINA_HK,GROUP_C_CHINA_HK,CN,104,40.4,31,35.5,1.6,7.4,4.61,40.4,104,1.59,22,50.0,50.0,104
KKP,GROUP_A_THAI,GROUP_A_THAI,TH,62,40.3,28,35.7,0.77,2.01,2.63,40.3,62,1.3,17,35.3,40.3,62
KCE,GROUP_A_THAI,GROUP_A_THAI,TH,184,40.2,9,22.2,1.13,4.4,3.89,40.2,184,1.36,62,45.2,45.2,184
SPALI,GROUP_A_THAI,GROUP_A_THAI,TH,160,40.0,125,40.0,1.49,3.46,2.32,40.0,160,1.26,43,51.2,51.2,160
THANI,GROUP_A_THAI,GROUP_A_THAI,TH,165,40.0,46,41.3,1.28,3.68,2.88,40.0,165,1.14,37,54.1,54.1,165
MINT,GROUP_A_THAI,GROUP_A_THAI,TH,85,40.0,11,63.6,0.72,1.47,2.04,40.0,85,1.74,44,43.2,43.2,85
RCL,GROUP_A_THAI,GROUP_A_THAI,TH,58,39.7,43,34.9,0.64,4.2,6.6,39.7,58,2.04,24,58.3,58.3,58
OSP,GROUP_A_THAI,GROUP_A_THAI,TH,48,39.6,7,42.9,1.19,2.55,2.14,39.6,48,1.94,18,16.7,39.6,48
JTS,GROUP_A_THAI,GROUP_A_THAI,TH,260,39.6,220,34.5,0.79,5.59,7.06,39.6,260,2.67,99,76.8,76.8,260
TPIPP,GROUP_A_THAI,GROUP_A_THAI,TH,76,39.5,44,43.2,0.69,1.61,2.34,39.5,76,1.36,17,35.3,39.5,76
PLANB,GROUP_A_THAI,GROUP_A_THAI,TH,172,39.0,63,25.4,1.78,6.84,3.85,39.0,172,1.1,37,56.8,56.8,172
PR9,GROUP_A_THAI,GROUP_A_THAI,TH,77,39.0,0,0.0,0.73,2.71,3.72,39.0,77,1.28,24,70.8,70.8,77
TPIPL,GROUP_A_THAI,GROUP_A_THAI,TH,54,38.9,0,0.0,2.37,4.57,1.93,38.9,54,1.42,17,29.4,38.9,54
TTB,GROUP_A_THAI,GROUP_A_THAI,TH,219,38.8,0,0.0,1.12,2.82,2.51,38.8,219,1.26,60,48.3,48.3,219
BCP,GROUP_A_THAI,GROUP_A_THAI,TH,75,38.7,5,60.0,1.23,3.33,2.71,38.7,75,0.93,15,53.3,53.3,75
EPG,GROUP_A_THAI,GROUP_A_THAI,TH,117,38.5,29,31.0,1.98,5.65,2.86,38.5,117,0.96,21,66.7,66.7,117
CRC,GROUP_A_THAI,GROUP_A_THAI,TH,13,38.5,13,38.5,1.94,8.52,4.4,38.5,13,1.69,7,42.9,42.9,13
BAM,GROUP_A_THAI,GROUP_A_THAI,TH,104,38.5,38,15.8,1.03,3.65,3.53,38.5,104,1.21,29,58.6,58.6,104
RATCH,GROUP_A_THAI,GROUP_A_THAI,TH,258,38.4,0,0.0,1.32,2.6,1.97,38.4,258,1.15,64,57.8,57.8,258
9618,GROUP_C_CHINA_HK,GROUP_C_CHINA_HK,CN,73,38.4,65,41.5,0.56,3.36,6.03,38.4,73,1.34,9,66.7,66.7,73
EGCO,GROUP_A_THAI,GROUP_A_THAI,TH,141,38.3,31,38.7,1.0,2.0,2.0,38.3,141,0.98,23,39.1,39.1,141
AP,GROUP_A_THAI,GROUP_A_THAI,TH,372,38.2,4,25.0,0.25,0.6,2.39,38.2,372,1.15,92,63.0,63.0,372
PTTGC,GROUP_A_THAI,GROUP_A_THAI,TH,582,38.1,0,0.0,0.98,3.54,3.6,38.1,582,0.93,92,47.8,47.8,582
TKS,GROUP_A_THAI,GROUP_A_THAI,TH,153,37.9,4,0.0,0.0,2.82,0.0,37.9,153,0.98,26,30.8,37.9,153
SCB,GROUP_A_THAI,GROUP_A_THAI,TH,93,37.6,3,33.3,4.32,10.27,2.38,37.6,93,1.37,30,63.3,63.3,93
CKP,GROUP_A_THAI,GROUP_A_THAI,TH,85,37.6,0,0.0,1.62,4.5,2.77,37.6,85,1.35,20,40.0,40.0,85
BJC,GROUP_A_THAI,GROUP_A_THAI,TH,210,37.6,50,34.0,1.29,3.24,2.5,37.6,210,1.47,65,60.0,60.0,210
PTTEP,GROUP_A_THAI,GROUP_A_THAI,TH,182,37.4,37,51.4,1.7,4.34,2.55,37.4,182,1.11,38,68.4,68.4,182
KTB,GROUP_A_THAI,GROUP_A_THAI,TH,118,37.3,23,26.1,1.46,3.09,2.12,37.3,118,0.99,21,33.3,37.3,118
WHA,GROUP_A_THAI,GROUP_A_THAI,TH,43,37.2,25,32.0,1.4,3.64,2.6,37.2,43,1.12,9,55.6,55.6,43
SABUY,GROUP_A_THAI,GROUP_A_THAI,TH,30,36.7,30,36.7,1.46,9.81,6.72,36.7,30,1.36,7,14.3,36.7,30
AMATA,GROUP_A_THAI,GROUP_A_THAI,TH,118,36.4,57,49.1,1.19,3.97,3.34,36.4,118,1.45,39,41.0,41.0,118
BGRIM,GROUP_A_THAI,GROUP_A_THAI,TH,75,36.0,0,0.0,1.52,5.49,3.61,36.0,75,1.18,20,40.0,40.0,75
TQM,GROUP_A_THAI,GROUP_A_THAI,TH,247,36.0,105,38.1,1.23,4.47,3.63,36.0,247,1.09,41,36.6,36.6,247
GULF,GROUP_A_THAI,GROUP_A_THAI,TH,95,35.8,21,14.3,0.97,2.89,2.99,35.8,95,1.16,27,51.9,51.9,95
TIPH,GROUP_A_THAI,GROUP_A_THAI,TH,59,35.6,0,0.0,1.23,2.4,1.94,35.6,59,1.55,16,62.5,62.5,59
FORTH,GROUP_A_THAI,GROUP_A_THAI,TH,45,35.6,0,0.0,1.1,5.22,4.76,35.6,45,2.9,21,66.7,66.7,45
TOP,GROUP_A_THAI,GROUP_A_THAI,TH,104,35.6,10,30.0,0.73,3.32,4.55,35.6,104,1.39,31,45.2,45.2,104
IVL,GROUP_A_THAI,GROUP_A_THAI,TH,122,35.2,0,0.0,1.97,6.49,3.3,35.2,122,1.03,26,46.2,46.2,122
SIRI,GROUP_A_THAI,GROUP_A_THAI,TH,91,35.2,42,23.8,1.11,3.25,2.93,35.2,91,1.24,21,61.9,61.9,91
TASCO,GROUP_A_THAI,GROUP_A_THAI,TH,71,35.2,22,50.0,0.81,3.1,3.81,35.2,71,1.77,23,34.8,35.2,71
SJWD,GROUP_A_THAI,GROUP_A_THAI,TH,305,34.8,0,0.0,0.79,3.55,4.46,34.8,305,1.08,70,47.1,47.1,305
ORI,GROUP_A_THAI,GROUP_A_THAI,TH,29,34.5,16,31.2,1.12,4.77,4.25,34.5,29,2.03,13,46.2,46.2,29
AOT,GROUP_A_THAI,GROUP_A_THAI,TH,157,34.4,2,0.0,0.0,0.93,0.0,34.4,157,1.46,46,41.3,41.3,157
TKN,GROUP_A_THAI,GROUP_A_THAI,TH,104,33.7,6,33.3,0.78,4.34,5.55,33.7,104,2.63,33,57.6,57.6,104
2015,GROUP_C_CHINA_HK,GROUP_C_CHINA_HK,CN,18,33.3,18,33.3,1.88,8.31,4.42,33.3,18,1.58,3,0.0,33.3,18
JMART,GROUP_A_THAI,GROUP_A_THAI,TH,21,33.3,0,0.0,0.98,4.93,5.01,33.3,21,1.01,6,33.3,33.3,21
QH,GROUP_A_THAI,GROUP_A_THAI,TH,74,32.4,6,33.3,0.79,3.37,4.25,32.4,74,1.21,21,47.6,47.6,74
9868,GROUP_C_CHINA_HK,GROUP_C_CHINA_HK,CN,64,31.2,64,31.2,0.51,5.03,9.91,31.2,64,1.43,10,70.0,70.0,64
CPN,GROUP_A_THAI,GROUP_A_THAI,TH,159,30.2,0,0.0,0.73,2.4,3.3,30.2,159,0.83,16,75.0,75.0,159
STA,GROUP_A_THAI,GROUP_A_THAI,TH,113,30.1,15,26.7,3.11,4.76,1.53,30.1,113,1.52,31,64.5,64.5,113
SAWAD,GROUP_A_THAI,GROUP_A_THAI,TH,30,30.0,0,0.0,1.0,3.78,3.78,30.0,30,1.13,8,75.0,75.0,30
CENTEL,GROUP_A_THAI,GROUP_A_THAI,TH,192,29.2,54,35.2,1.42,5.08,3.58,29.2,192,1.26,52,40.4,40.4,192
SISB,GROUP_A_THAI,GROUP_A_THAI,TH,174,27.6,23,13.0,1.93,6.95,3.6,27.6,174,1.05,32,43.8,43.8,174
CK,GROUP_A_THAI,GROUP_A_THAI,TH,67,26.9,0,0.0,1.69,4.1,2.42,26.9,67,1.29,19,26.3,26.9,67
PTT,GROUP_A_THAI,GROUP_A_THAI,TH,145,26.2,27,14.8,1.06,1.85,1.74,26.2,145,1.36,51,43.1,43.1,145
9888,GROUP_C_CHINA_HK,GROUP_C_CHINA_HK,CN,28,25.0,28,25.0,0.68,3.47,5.08,25.0,28,2.16,16,68.8,68.8,28
SNNP,GROUP_A_THAI,GROUP_A_THAI,TH,110,24.5,0,0.0,1.74,4.25,2.45,24.5,110,0.81,13,7.7,24.5,110
LANNA,GROUP_A_THAI,GROUP_A_THAI,TH,92,22.8,23,4.3,0.66,3.83,5.83,22.8,92,2.43,46,54.3,54.3,92
9988,GROUP_C_CHINA_HK,GROUP_C_CHINA_HK,CN,30,20.0,30,20.0,0.64,2.91,4.58,20.0,30,1.63,9,66.7,66.7,30
JMT,GROUP_A_THAI,GROUP_A_THAI,TH,31,19.4,13,38.5,1.77,9.2,5.21,19.4,31,1.49,12,33.3,33.3,31
GUNKUL,GROUP_A_THAI,GROUP_A_THAI,TH,11,18.2,0,0.0,0.6,3.67,6.1,18.2,11,1.16,3,0.0,18.2,11
SCGP,GROUP_A_THAI,GROUP_A_THAI,TH,7,14.3,7,14.3,0.88,3.4,3.87,14.3,7,1.79,3,0.0,14.3,7
TISCO,GROUP_A_THAI,GROUP_A_THAI,TH,4,0.0,0,0.0,0.0,2.53,0.0,0.0,4,1.79,2,0.0,0.0,4
